Student,Room,Date,Check-in Time,Check-out Time,Total Hours,Checked In By,Checked Out By
Child 0103,Infants A,08/17/2026,8:33 AM,4:40 PM,8.12,Parent/Guardian,Parent/Guardian
Child 0104,Infants A,08/17/2026,7:45 AM,5:13 PM,9.47,Parent/Guardian,Parent/Guardian
Child 0105,Infants A,08/17/2026,8:43 AM,5:10 PM,8.45,Parent/Guardian,Parent/Guardian
Child 0109,Infants A,08/17/2026,8:47 AM,4:59 PM,8.20,Parent/Guardian,Parent/Guardian
Child 0110,Infants A,08/17/2026,7:05 AM,4:48 PM,9.72,Parent/Guardian,Parent/Guardian
Child 0111,Infants A,08/17/2026,7:57 AM,4:30 PM,8.55,Parent/Guardian,Parent/Guardian
Child 0112,Infants A,08/17/2026,7:12 AM,4:29 PM,9.28,Parent/Guardian,Parent/Guardian
Child 0113,Infants A,08/17/2026,7:05 AM,4:12 PM,9.12,Parent/Guardian,Parent/Guardian
Child 0118,Infants B,08/17/2026,7:59 AM,4:24 PM,8.42,Parent/Guardian,Parent/Guardian
Child 0121,Infants B,08/17/2026,7:35 AM,6:00 PM,10.42,Parent/Guardian,Parent/Guardian
Child 0123,Infants B,08/17/2026,8:09 AM,5:26 PM,9.28,Parent/Guardian,Parent/Guardian
Child 0126,Infants B,08/17/2026,7:57 AM,4:19 PM,8.37,Parent/Guardian,Parent/Guardian
Child 0131,Infants B,08/17/2026,6:30 AM,5:38 PM,11.13,Parent/Guardian,Parent/Guardian
Child 0134,Infants B,08/17/2026,7:13 AM,5:28 PM,10.25,Parent/Guardian,Parent/Guardian
Child 0138,Infants B,08/17/2026,8:22 AM,5:11 PM,8.82,Parent/Guardian,Parent/Guardian
Child 0139,Ones,08/17/2026,8:57 AM,5:40 PM,8.72,Parent/Guardian,Parent/Guardian
Child 0143,Ones,08/17/2026,7:44 AM,5:39 PM,9.92,Parent/Guardian,Parent/Guardian
Child 0144,Ones,08/17/2026,8:31 AM,4:28 PM,7.95,Parent/Guardian,Parent/Guardian
Child 0148,Ones,08/17/2026,9:16 AM,5:25 PM,8.15,Parent/Guardian,Parent/Guardian
Child 0150,Ones,08/17/2026,6:36 AM,5:44 PM,11.13,Parent/Guardian,Parent/Guardian
Child 0152,Ones,08/17/2026,7:12 AM,4:52 PM,9.67,Parent/Guardian,Parent/Guardian
Child 0156,Ones,08/17/2026,8:21 AM,4:31 PM,8.17,Parent/Guardian,Parent/Guardian
Child 0159,Ones,08/17/2026,7:39 AM,4:22 PM,8.72,Parent/Guardian,Parent/Guardian
Child 0160,Ones,08/17/2026,8:13 AM,5:22 PM,9.15,Parent/Guardian,Parent/Guardian
Child 0166,Ones,08/17/2026,7:26 AM,5:00 PM,9.57,Parent/Guardian,Parent/Guardian
Child 0168,Twos A,08/17/2026,7:42 AM,3:41 PM,7.98,Parent/Guardian,Parent/Guardian
Child 0169,Twos A,08/17/2026,6:30 AM,5:32 PM,11.03,Parent/Guardian,Parent/Guardian
Child 0173,Twos A,08/17/2026,7:33 AM,4:48 PM,9.25,Parent/Guardian,Parent/Guardian
Child 0177,Twos A,08/17/2026,8:23 AM,4:47 PM,8.40,Parent/Guardian,Parent/Guardian
Child 0179,Twos A,08/17/2026,8:32 AM,5:34 PM,9.03,Parent/Guardian,Parent/Guardian
Child 0181,Twos A,08/17/2026,6:36 AM,4:23 PM,9.78,Parent/Guardian,Parent/Guardian
Child 0182,Twos A,08/17/2026,8:40 AM,3:38 PM,6.97,Parent/Guardian,Parent/Guardian
Child 0186,Twos A,08/17/2026,9:38 AM,3:09 PM,5.52,Parent/Guardian,Parent/Guardian
Child 0193,Twos A,08/17/2026,6:46 AM,5:02 PM,10.27,Parent/Guardian,Parent/Guardian
Child 0195,Twos A,08/17/2026,8:47 AM,4:41 PM,7.90,Parent/Guardian,Parent/Guardian
Child 0197,Twos A,08/17/2026,7:58 AM,3:56 PM,7.97,Parent/Guardian,Parent/Guardian
Child 0199,Twos A,08/17/2026,7:46 AM,5:11 PM,9.42,Parent/Guardian,Parent/Guardian
Child 0202,Twos A,08/17/2026,7:30 AM,4:03 PM,8.55,Parent/Guardian,Parent/Guardian
Child 0204,Twos B,08/17/2026,8:43 AM,3:37 PM,6.90,Parent/Guardian,Parent/Guardian
Child 0207,Twos B,08/17/2026,7:58 AM,3:57 PM,7.98,Parent/Guardian,Parent/Guardian
Child 0210,Twos B,08/17/2026,6:39 AM,5:31 PM,10.87,Parent/Guardian,Parent/Guardian
Child 0216,Twos B,08/17/2026,8:14 AM,6:00 PM,9.77,Parent/Guardian,Parent/Guardian
Child 0217,Twos B,08/17/2026,6:30 AM,4:46 PM,10.27,Parent/Guardian,Parent/Guardian
Child 0218,Twos B,08/17/2026,8:00 AM,4:56 PM,8.93,Parent/Guardian,Parent/Guardian
Child 0220,Twos B,08/17/2026,7:20 AM,4:50 PM,9.50,Parent/Guardian,Parent/Guardian
Child 0223,Twos B,08/17/2026,9:07 AM,5:57 PM,8.83,Parent/Guardian,Parent/Guardian
Child 0227,Twos B,08/17/2026,6:49 AM,6:00 PM,11.18,Parent/Guardian,Parent/Guardian
Child 0229,Twos B,08/17/2026,8:16 AM,4:54 PM,8.63,Parent/Guardian,Parent/Guardian
Child 0233,Twos B,08/17/2026,7:58 AM,4:39 PM,8.68,Parent/Guardian,Parent/Guardian
Child 0237,Twos B,08/17/2026,7:37 AM,4:01 PM,8.40,Parent/Guardian,Parent/Guardian
Child 0239,Threes,08/17/2026,9:21 AM,5:01 PM,7.67,Parent/Guardian,Parent/Guardian
Child 0244,Threes,08/17/2026,8:02 AM,5:41 PM,9.65,Parent/Guardian,Parent/Guardian
Child 0248,Threes,08/17/2026,8:11 AM,4:51 PM,8.67,Parent/Guardian,Parent/Guardian
Child 0252,Threes,08/17/2026,8:42 AM,12:08 PM,3.43,Parent/Guardian,Parent/Guardian
Child 0253,Threes,08/17/2026,8:28 AM,3:33 PM,7.08,Parent/Guardian,Parent/Guardian
Child 0255,Threes,08/17/2026,8:24 AM,5:32 PM,9.13,Parent/Guardian,Parent/Guardian
Child 0258,Threes,08/17/2026,7:43 AM,3:57 PM,8.23,Parent/Guardian,Parent/Guardian
Child 0259,Threes,08/17/2026,7:50 AM,5:17 PM,9.45,Parent/Guardian,Parent/Guardian
Child 0260,Threes,08/17/2026,8:10 AM,3:25 PM,7.25,Parent/Guardian,Parent/Guardian
Child 0262,Threes,08/17/2026,7:42 AM,4:10 PM,8.47,Parent/Guardian,Parent/Guardian
Child 0264,Threes,08/17/2026,7:38 AM,3:31 PM,7.88,Parent/Guardian,Parent/Guardian
Child 0266,Threes,08/17/2026,7:58 AM,12:30 PM,4.53,Parent/Guardian,Parent/Guardian
Child 0267,Threes,08/17/2026,7:36 AM,3:39 PM,8.05,Parent/Guardian,Parent/Guardian
Child 0270,Threes,08/17/2026,8:03 AM,5:18 PM,9.25,Parent/Guardian,Parent/Guardian
Child 0271,Threes,08/17/2026,7:01 AM,5:36 PM,10.58,Parent/Guardian,Parent/Guardian
Child 0273,Threes,08/17/2026,7:25 AM,2:16 PM,6.85,Parent/Guardian,Parent/Guardian
Child 0276,Threes,08/17/2026,7:25 AM,1:27 PM,6.03,Parent/Guardian,Parent/Guardian
Child 0280,Threes,08/17/2026,7:46 AM,3:58 PM,8.20,Parent/Guardian,Parent/Guardian
Child 0281,Threes,08/17/2026,8:57 AM,6:00 PM,9.05,Parent/Guardian,Parent/Guardian
Child 0282,Threes,08/17/2026,7:42 AM,5:06 PM,9.40,Parent/Guardian,Parent/Guardian
Child 0284,Fours A,08/17/2026,8:24 AM,3:19 PM,6.92,Parent/Guardian,Parent/Guardian
Child 0288,Fours A,08/17/2026,8:31 AM,6:00 PM,9.48,Parent/Guardian,Parent/Guardian
Child 0289,Fours A,08/17/2026,7:48 AM,6:00 PM,10.20,Parent/Guardian,Parent/Guardian
Child 0292,Fours A,08/17/2026,8:45 AM,4:36 PM,7.85,Parent/Guardian,Parent/Guardian
Child 0298,Fours A,08/17/2026,8:27 AM,12:11 PM,3.73,Parent/Guardian,Parent/Guardian
Child 0303,Fours A,08/17/2026,7:23 AM,3:50 PM,8.45,Parent/Guardian,Parent/Guardian
Child 0305,Fours A,08/17/2026,7:54 AM,5:58 PM,10.07,Parent/Guardian,Parent/Guardian
Child 0306,Fours A,08/17/2026,8:09 AM,4:08 PM,7.98,Parent/Guardian,Parent/Guardian
Child 0310,Fours A,08/17/2026,9:01 AM,5:15 PM,8.23,Parent/Guardian,Parent/Guardian
Child 0316,Fours A,08/17/2026,8:40 AM,4:01 PM,7.35,Parent/Guardian,Parent/Guardian
Child 0319,Fours A,08/17/2026,9:24 AM,12:31 PM,3.12,Parent/Guardian,Parent/Guardian
Child 0322,Fours A,08/17/2026,7:52 AM,5:05 PM,9.22,Parent/Guardian,Parent/Guardian
Child 0328,Fours A,08/17/2026,7:33 AM,4:42 PM,9.15,Parent/Guardian,Parent/Guardian
Child 0331,Fours A,08/17/2026,7:58 AM,6:00 PM,10.03,Parent/Guardian,Parent/Guardian
Child 0332,Fours A,08/17/2026,7:43 AM,4:52 PM,9.15,Parent/Guardian,Parent/Guardian
Child 0334,Fours A,08/17/2026,8:02 AM,5:03 PM,9.02,Parent/Guardian,Parent/Guardian
Child 0338,Fours A,08/17/2026,7:40 AM,4:35 PM,8.92,Parent/Guardian,Parent/Guardian
Child 0339,Fours A,08/17/2026,6:46 AM,4:43 PM,9.95,Parent/Guardian,Parent/Guardian
Child 0345,Fours B,08/17/2026,9:22 AM,5:25 PM,8.05,Parent/Guardian,Parent/Guardian
Child 0347,Fours B,08/17/2026,8:57 AM,4:28 PM,7.52,Parent/Guardian,Parent/Guardian
Child 0348,Fours B,08/17/2026,8:25 AM,3:31 PM,7.10,Parent/Guardian,Parent/Guardian
Child 0350,Fours B,08/17/2026,8:08 AM,5:08 PM,9.00,Parent/Guardian,Parent/Guardian
Child 0354,Fours B,08/17/2026,8:25 AM,4:16 PM,7.85,Parent/Guardian,Parent/Guardian
Child 0356,Fours B,08/17/2026,7:57 AM,5:02 PM,9.08,Parent/Guardian,Parent/Guardian
Child 0358,Fours B,08/17/2026,8:25 AM,4:27 PM,8.03,Parent/Guardian,Parent/Guardian
Child 0362,Fours B,08/17/2026,7:03 AM,4:48 PM,9.75,Parent/Guardian,Parent/Guardian
Child 0363,Fours B,08/17/2026,7:14 AM,12:26 PM,5.20,Parent/Guardian,Parent/Guardian
Child 0366,Fours B,08/17/2026,7:30 AM,3:46 PM,8.27,Parent/Guardian,Parent/Guardian
Child 0370,Fours B,08/17/2026,8:12 AM,5:25 PM,9.22,Parent/Guardian,Parent/Guardian
Child 0374,Fours B,08/17/2026,8:03 AM,5:48 PM,9.75,Parent/Guardian,Parent/Guardian
Child 0379,Fours B,08/17/2026,8:56 AM,5:03 PM,8.12,Parent/Guardian,Parent/Guardian
Child 0383,Fours B,08/17/2026,8:23 AM,4:32 PM,8.15,Parent/Guardian,Parent/Guardian
Child 0384,Fours B,08/17/2026,7:57 AM,4:38 PM,8.68,Parent/Guardian,Parent/Guardian
Child 0386,Fours B,08/17/2026,7:13 AM,4:14 PM,9.02,Parent/Guardian,Parent/Guardian
Child 0389,Fours B,08/17/2026,8:58 AM,6:00 PM,9.03,Parent/Guardian,Parent/Guardian
Child 0390,Fours B,08/17/2026,8:54 AM,3:55 PM,7.02,Parent/Guardian,Parent/Guardian
Child 0103,Infants A,08/18/2026,8:43 AM,4:21 PM,7.63,Parent/Guardian,Parent/Guardian
Child 0104,Infants A,08/18/2026,7:47 AM,4:57 PM,9.17,Parent/Guardian,Parent/Guardian
Child 0105,Infants A,08/18/2026,8:21 AM,5:14 PM,8.88,Parent/Guardian,Parent/Guardian
Child 0109,Infants A,08/18/2026,8:53 AM,4:49 PM,7.93,Parent/Guardian,Parent/Guardian
Child 0110,Infants A,08/18/2026,7:07 AM,4:24 PM,9.28,Parent/Guardian,Parent/Guardian
Child 0111,Infants A,08/18/2026,7:35 AM,5:25 PM,9.83,Parent/Guardian,Parent/Guardian
Child 0112,Infants A,08/18/2026,7:10 AM,4:27 PM,9.28,Parent/Guardian,Parent/Guardian
Child 0113,Infants A,08/18/2026,7:19 AM,4:08 PM,8.82,Parent/Guardian,Parent/Guardian
Child 0114,Infants A,08/18/2026,7:11 AM,3:58 PM,8.78,Parent/Guardian,Parent/Guardian
Child 0118,Infants B,08/18/2026,7:58 AM,4:10 PM,8.20,Parent/Guardian,Parent/Guardian
Child 0121,Infants B,08/18/2026,7:31 AM,6:00 PM,10.48,Parent/Guardian,Parent/Guardian
Child 0123,Infants B,08/18/2026,8:42 AM,5:19 PM,8.62,Parent/Guardian,Parent/Guardian
Child 0126,Infants B,08/18/2026,7:56 AM,4:05 PM,8.15,Parent/Guardian,Parent/Guardian
Child 0127,Infants B,08/18/2026,7:49 AM,5:09 PM,9.33,Parent/Guardian,Parent/Guardian
Child 0131,Infants B,08/18/2026,6:30 AM,5:29 PM,10.98,Parent/Guardian,Parent/Guardian
Child 0134,Infants B,08/18/2026,7:45 AM,5:37 PM,9.87,Parent/Guardian,Parent/Guardian
Child 0138,Infants B,08/18/2026,8:18 AM,5:03 PM,8.75,Parent/Guardian,Parent/Guardian
Child 0139,Ones,08/18/2026,8:58 AM,4:49 PM,7.85,Parent/Guardian,Parent/Guardian
Child 0143,Ones,08/18/2026,7:44 AM,6:00 PM,10.27,Parent/Guardian,Parent/Guardian
Child 0144,Ones,08/18/2026,8:43 AM,4:27 PM,7.73,Parent/Guardian,Parent/Guardian
Child 0148,Ones,08/18/2026,9:00 AM,5:13 PM,8.22,Parent/Guardian,Parent/Guardian
Child 0150,Ones,08/18/2026,6:38 AM,5:20 PM,10.70,Parent/Guardian,Parent/Guardian
Child 0152,Ones,08/18/2026,7:22 AM,4:51 PM,9.48,Parent/Guardian,Parent/Guardian
Child 0156,Ones,08/18/2026,8:25 AM,4:38 PM,8.22,Parent/Guardian,Parent/Guardian
Child 0159,Ones,08/18/2026,8:11 AM,4:19 PM,8.13,Parent/Guardian,Parent/Guardian
Child 0160,Ones,08/18/2026,8:08 AM,5:25 PM,9.28,Parent/Guardian,Parent/Guardian
Child 0166,Ones,08/18/2026,7:35 AM,5:40 PM,10.08,Parent/Guardian,Parent/Guardian
Child 0168,Twos A,08/18/2026,7:34 AM,3:39 PM,8.08,Parent/Guardian,Parent/Guardian
Child 0169,Twos A,08/18/2026,6:31 AM,5:25 PM,10.90,Parent/Guardian,Parent/Guardian
Child 0173,Twos A,08/18/2026,7:30 AM,4:55 PM,9.42,Parent/Guardian,Parent/Guardian
Child 0177,Twos A,08/18/2026,8:13 AM,5:11 PM,8.97,Parent/Guardian,Parent/Guardian
Child 0179,Twos A,08/18/2026,8:34 AM,5:28 PM,8.90,Parent/Guardian,Parent/Guardian
Child 0181,Twos A,08/18/2026,6:43 AM,4:23 PM,9.67,Parent/Guardian,Parent/Guardian
Child 0182,Twos A,08/18/2026,8:22 AM,3:47 PM,7.42,Parent/Guardian,Parent/Guardian
Child 0185,Twos A,08/18/2026,8:56 AM,4:19 PM,7.38,Parent/Guardian,Parent/Guardian
Child 0186,Twos A,08/18/2026,9:06 AM,3:05 PM,5.98,Parent/Guardian,Parent/Guardian
Child 0190,Twos A,08/18/2026,7:33 AM,5:12 PM,9.65,Parent/Guardian,Parent/Guardian
Child 0193,Twos A,08/18/2026,7:17 AM,5:23 PM,10.10,Parent/Guardian,Parent/Guardian
Child 0195,Twos A,08/18/2026,8:45 AM,4:27 PM,7.70,Parent/Guardian,Parent/Guardian
Child 0196,Twos A,08/18/2026,8:15 AM,3:58 PM,7.72,Parent/Guardian,Parent/Guardian
Child 0197,Twos A,08/18/2026,7:54 AM,4:17 PM,8.38,Parent/Guardian,Parent/Guardian
Child 0199,Twos A,08/18/2026,7:40 AM,5:08 PM,9.47,Parent/Guardian,Parent/Guardian
Child 0202,Twos A,08/18/2026,7:31 AM,3:54 PM,8.38,Parent/Guardian,Parent/Guardian
Child 0204,Twos B,08/18/2026,8:30 AM,3:10 PM,6.67,Parent/Guardian,Parent/Guardian
Child 0206,Twos B,08/18/2026,8:18 AM,6:00 PM,9.70,Parent/Guardian,Parent/Guardian
Child 0207,Twos B,08/18/2026,8:11 AM,4:13 PM,8.03,Parent/Guardian,Parent/Guardian
Child 0210,Twos B,08/18/2026,6:42 AM,5:15 PM,10.55,Parent/Guardian,Parent/Guardian
Child 0213,Twos B,08/18/2026,8:29 AM,4:56 PM,8.45,Parent/Guardian,Parent/Guardian
Child 0216,Twos B,08/18/2026,8:09 AM,5:43 PM,9.57,Parent/Guardian,Parent/Guardian
Child 0217,Twos B,08/18/2026,7:06 AM,5:12 PM,10.10,Parent/Guardian,Parent/Guardian
Child 0218,Twos B,08/18/2026,8:08 AM,4:43 PM,8.58,Parent/Guardian,Parent/Guardian
Child 0220,Twos B,08/18/2026,7:37 AM,4:42 PM,9.08,Parent/Guardian,Parent/Guardian
Child 0223,Twos B,08/18/2026,9:45 AM,5:55 PM,8.17,Parent/Guardian,Parent/Guardian
Child 0229,Twos B,08/18/2026,7:51 AM,4:46 PM,8.92,Parent/Guardian,Parent/Guardian
Child 0233,Twos B,08/18/2026,8:07 AM,4:44 PM,8.62,Parent/Guardian,Parent/Guardian
Child 0237,Twos B,08/18/2026,7:38 AM,4:00 PM,8.37,Parent/Guardian,Parent/Guardian
Child 0239,Threes,08/18/2026,9:06 AM,5:06 PM,8.00,Parent/Guardian,Parent/Guardian
Child 0241,Threes,08/18/2026,6:53 AM,5:32 PM,10.65,Parent/Guardian,Parent/Guardian
Child 0244,Threes,08/18/2026,8:20 AM,5:38 PM,9.30,Parent/Guardian,Parent/Guardian
Child 0248,Threes,08/18/2026,7:55 AM,5:12 PM,9.28,Parent/Guardian,Parent/Guardian
Child 0252,Threes,08/18/2026,9:01 AM,11:58 AM,2.95,Parent/Guardian,Parent/Guardian
Child 0253,Threes,08/18/2026,8:48 AM,3:43 PM,6.92,Parent/Guardian,Parent/Guardian
Child 0255,Threes,08/18/2026,8:12 AM,5:23 PM,9.18,Parent/Guardian,Parent/Guardian
Child 0258,Threes,08/18/2026,7:52 AM,4:04 PM,8.20,Parent/Guardian,Parent/Guardian
Child 0259,Threes,08/18/2026,8:04 AM,5:27 PM,9.38,Parent/Guardian,Parent/Guardian
Child 0260,Threes,08/18/2026,8:00 AM,3:28 PM,7.47,Parent/Guardian,Parent/Guardian
Child 0262,Threes,08/18/2026,7:35 AM,4:10 PM,8.58,Parent/Guardian,Parent/Guardian
Child 0264,Threes,08/18/2026,7:19 AM,3:43 PM,8.40,Parent/Guardian,Parent/Guardian
Child 0266,Threes,08/18/2026,8:33 AM,12:35 PM,4.03,Parent/Guardian,Parent/Guardian
Child 0267,Threes,08/18/2026,7:35 AM,4:09 PM,8.57,Parent/Guardian,Parent/Guardian
Child 0268,Threes,08/18/2026,8:13 AM,4:24 PM,8.18,Parent/Guardian,Parent/Guardian
Child 0270,Threes,08/18/2026,8:03 AM,5:13 PM,9.17,Parent/Guardian,Parent/Guardian
Child 0271,Threes,08/18/2026,7:35 AM,5:08 PM,9.55,Parent/Guardian,Parent/Guardian
Child 0273,Threes,08/18/2026,7:13 AM,2:20 PM,7.12,Parent/Guardian,Parent/Guardian
Child 0276,Threes,08/18/2026,7:33 AM,1:02 PM,5.48,Parent/Guardian,Parent/Guardian
Child 0280,Threes,08/18/2026,7:56 AM,4:09 PM,8.22,Parent/Guardian,Parent/Guardian
Child 0281,Threes,08/18/2026,9:12 AM,5:51 PM,8.65,Parent/Guardian,Parent/Guardian
Child 0282,Threes,08/18/2026,7:54 AM,4:54 PM,9.00,Parent/Guardian,Parent/Guardian
Child 0284,Fours A,08/18/2026,8:15 AM,3:28 PM,7.22,Parent/Guardian,Parent/Guardian
Child 0288,Fours A,08/18/2026,8:38 AM,6:00 PM,9.37,Parent/Guardian,Parent/Guardian
Child 0289,Fours A,08/18/2026,8:02 AM,6:00 PM,9.97,Parent/Guardian,Parent/Guardian
Child 0294,Fours A,08/18/2026,8:58 AM,5:29 PM,8.52,Parent/Guardian,Parent/Guardian
Child 0298,Fours A,08/18/2026,8:03 AM,12:47 PM,4.73,Parent/Guardian,Parent/Guardian
Child 0300,Fours A,08/18/2026,9:25 AM,3:57 PM,6.53,Parent/Guardian,Parent/Guardian
Child 0305,Fours A,08/18/2026,7:46 AM,5:53 PM,10.12,Parent/Guardian,Parent/Guardian
Child 0306,Fours A,08/18/2026,8:20 AM,3:37 PM,7.28,Parent/Guardian,Parent/Guardian
Child 0310,Fours A,08/18/2026,9:14 AM,5:48 PM,8.57,Parent/Guardian,Parent/Guardian
Child 0314,Fours A,08/18/2026,8:23 AM,4:12 PM,7.82,Parent/Guardian,Parent/Guardian
Child 0319,Fours A,08/18/2026,9:38 AM,12:22 PM,2.73,Parent/Guardian,Parent/Guardian
Child 0322,Fours A,08/18/2026,7:40 AM,4:55 PM,9.25,Parent/Guardian,Parent/Guardian
Child 0328,Fours A,08/18/2026,7:32 AM,5:10 PM,9.63,Parent/Guardian,Parent/Guardian
Child 0332,Fours A,08/18/2026,7:38 AM,5:19 PM,9.68,Parent/Guardian,Parent/Guardian
Child 0334,Fours A,08/18/2026,8:12 AM,4:22 PM,8.17,Parent/Guardian,Parent/Guardian
Child 0339,Fours A,08/18/2026,7:04 AM,4:17 PM,9.22,Parent/Guardian,Parent/Guardian
Child 0343,Fours A,08/18/2026,8:08 AM,3:38 PM,7.50,Parent/Guardian,Parent/Guardian
Child 0347,Fours B,08/18/2026,9:12 AM,3:52 PM,6.67,Parent/Guardian,Parent/Guardian
Child 0348,Fours B,08/18/2026,8:11 AM,3:47 PM,7.60,Parent/Guardian,Parent/Guardian
Child 0350,Fours B,08/18/2026,8:15 AM,4:58 PM,8.72,Parent/Guardian,Parent/Guardian
Child 0354,Fours B,08/18/2026,8:43 AM,4:35 PM,7.87,Parent/Guardian,Parent/Guardian
Child 0356,Fours B,08/18/2026,8:03 AM,4:51 PM,8.80,Parent/Guardian,Parent/Guardian
Child 0357,Fours B,08/18/2026,7:56 AM,4:37 PM,8.68,Parent/Guardian,Parent/Guardian
Child 0358,Fours B,08/18/2026,8:29 AM,4:02 PM,7.55,Parent/Guardian,Parent/Guardian
Child 0362,Fours B,08/18/2026,7:34 AM,4:46 PM,9.20,Parent/Guardian,Parent/Guardian
Child 0363,Fours B,08/18/2026,7:32 AM,12:08 PM,4.60,Parent/Guardian,Parent/Guardian
Child 0366,Fours B,08/18/2026,7:17 AM,4:01 PM,8.73,Parent/Guardian,Parent/Guardian
Child 0370,Fours B,08/18/2026,8:58 AM,5:10 PM,8.20,Parent/Guardian,Parent/Guardian
Child 0374,Fours B,08/18/2026,7:47 AM,5:36 PM,9.82,Parent/Guardian,Parent/Guardian
Child 0375,Fours B,08/18/2026,8:41 AM,4:34 PM,7.88,Parent/Guardian,Parent/Guardian
Child 0379,Fours B,08/18/2026,8:48 AM,4:34 PM,7.77,Parent/Guardian,Parent/Guardian
Child 0383,Fours B,08/18/2026,8:34 AM,4:58 PM,8.40,Parent/Guardian,Parent/Guardian
Child 0384,Fours B,08/18/2026,7:44 AM,4:35 PM,8.85,Parent/Guardian,Parent/Guardian
Child 0386,Fours B,08/18/2026,7:32 AM,3:57 PM,8.42,Parent/Guardian,Parent/Guardian
Child 0389,Fours B,08/18/2026,8:00 AM,6:00 PM,10.00,Parent/Guardian,Parent/Guardian
Child 0390,Fours B,08/18/2026,8:58 AM,4:25 PM,7.45,Parent/Guardian,Parent/Guardian
Child 0103,Infants A,08/19/2026,8:48 AM,4:45 PM,7.95,Parent/Guardian,Parent/Guardian
Child 0104,Infants A,08/19/2026,7:33 AM,4:52 PM,9.32,Parent/Guardian,Parent/Guardian
Child 0105,Infants A,08/19/2026,8:26 AM,5:08 PM,8.70,Parent/Guardian,Parent/Guardian
Child 0109,Infants A,08/19/2026,8:38 AM,5:09 PM,8.52,Parent/Guardian,Parent/Guardian
Child 0110,Infants A,08/19/2026,7:34 AM,4:33 PM,8.98,Parent/Guardian,Parent/Guardian
Child 0111,Infants A,08/19/2026,7:32 AM,4:15 PM,8.72,Parent/Guardian,Parent/Guardian
Child 0113,Infants A,08/19/2026,7:24 AM,4:13 PM,8.82,Parent/Guardian,Parent/Guardian
Child 0114,Infants A,08/19/2026,7:20 AM,4:48 PM,9.47,Parent/Guardian,Parent/Guardian
Child 0118,Infants B,08/19/2026,8:08 AM,4:09 PM,8.02,Parent/Guardian,Parent/Guardian
Child 0121,Infants B,08/19/2026,7:39 AM,5:42 PM,10.05,Parent/Guardian,Parent/Guardian
Child 0126,Infants B,08/19/2026,8:04 AM,4:21 PM,8.28,Parent/Guardian,Parent/Guardian
Child 0127,Infants B,08/19/2026,7:58 AM,4:34 PM,8.60,Parent/Guardian,Parent/Guardian
Child 0131,Infants B,08/19/2026,6:30 AM,5:54 PM,11.40,Parent/Guardian,Parent/Guardian
Child 0134,Infants B,08/19/2026,7:35 AM,5:40 PM,10.08,Parent/Guardian,Parent/Guardian
Child 0138,Infants B,08/19/2026,8:32 AM,5:35 PM,9.05,Parent/Guardian,Parent/Guardian
Child 0139,Ones,08/19/2026,9:03 AM,5:13 PM,8.17,Parent/Guardian,Parent/Guardian
Child 0143,Ones,08/19/2026,7:45 AM,5:14 PM,9.48,Parent/Guardian,Parent/Guardian
Child 0144,Ones,08/19/2026,8:22 AM,4:25 PM,8.05,Parent/Guardian,Parent/Guardian
Child 0148,Ones,08/19/2026,8:49 AM,5:23 PM,8.57,Parent/Guardian,Parent/Guardian
Child 0150,Ones,08/19/2026,6:30 AM,5:55 PM,11.42,Parent/Guardian,Parent/Guardian
Child 0152,Ones,08/19/2026,7:13 AM,5:21 PM,10.13,Parent/Guardian,Parent/Guardian
Child 0156,Ones,08/19/2026,8:16 AM,4:05 PM,7.82,Parent/Guardian,Parent/Guardian
Child 0159,Ones,08/19/2026,7:44 AM,3:41 PM,7.95,Parent/Guardian,Parent/Guardian
Child 0160,Ones,08/19/2026,8:07 AM,4:39 PM,8.53,Parent/Guardian,Parent/Guardian
Child 0164,Ones,08/19/2026,8:03 AM,4:16 PM,8.22,Parent/Guardian,Parent/Guardian
Child 0166,Ones,08/19/2026,7:35 AM,5:07 PM,9.53,Parent/Guardian,Parent/Guardian
Child 0173,Twos A,08/19/2026,7:23 AM,5:08 PM,9.75,Parent/Guardian,Parent/Guardian
Child 0177,Twos A,08/19/2026,8:19 AM,5:06 PM,8.78,Parent/Guardian,Parent/Guardian
Child 0179,Twos A,08/19/2026,8:40 AM,5:35 PM,8.92,Parent/Guardian,Parent/Guardian
Child 0181,Twos A,08/19/2026,6:30 AM,4:55 PM,10.42,Parent/Guardian,Parent/Guardian
Child 0182,Twos A,08/19/2026,9:02 AM,4:08 PM,7.10,Parent/Guardian,Parent/Guardian
Child 0185,Twos A,08/19/2026,8:58 AM,5:14 PM,8.27,Parent/Guardian,Parent/Guardian
Child 0186,Twos A,08/19/2026,9:22 AM,2:56 PM,5.57,Parent/Guardian,Parent/Guardian
Child 0190,Twos A,08/19/2026,8:00 AM,5:13 PM,9.22,Parent/Guardian,Parent/Guardian
Child 0193,Twos A,08/19/2026,6:54 AM,4:40 PM,9.77,Parent/Guardian,Parent/Guardian
Child 0195,Twos A,08/19/2026,8:56 AM,4:14 PM,7.30,Parent/Guardian,Parent/Guardian
Child 0196,Twos A,08/19/2026,8:14 AM,3:57 PM,7.72,Parent/Guardian,Parent/Guardian
Child 0197,Twos A,08/19/2026,7:50 AM,4:26 PM,8.60,Parent/Guardian,Parent/Guardian
Child 0199,Twos A,08/19/2026,7:34 AM,5:19 PM,9.75,Parent/Guardian,Parent/Guardian
Child 0202,Twos A,08/19/2026,7:30 AM,3:56 PM,8.43,Parent/Guardian,Parent/Guardian
Child 0204,Twos B,08/19/2026,8:23 AM,3:23 PM,7.00,Parent/Guardian,Parent/Guardian
Child 0206,Twos B,08/19/2026,8:12 AM,5:40 PM,9.47,Parent/Guardian,Parent/Guardian
Child 0207,Twos B,08/19/2026,7:53 AM,3:58 PM,8.08,Parent/Guardian,Parent/Guardian
Child 0210,Twos B,08/19/2026,6:39 AM,5:16 PM,10.62,Parent/Guardian,Parent/Guardian
Child 0213,Twos B,08/19/2026,8:29 AM,4:31 PM,8.03,Parent/Guardian,Parent/Guardian
Child 0216,Twos B,08/19/2026,8:15 AM,6:00 PM,9.75,Parent/Guardian,Parent/Guardian
Child 0217,Twos B,08/19/2026,7:09 AM,4:55 PM,9.77,Parent/Guardian,Parent/Guardian
Child 0218,Twos B,08/19/2026,8:17 AM,4:16 PM,7.98,Parent/Guardian,Parent/Guardian
Child 0220,Twos B,08/19/2026,7:33 AM,4:54 PM,9.35,Parent/Guardian,Parent/Guardian
Child 0223,Twos B,08/19/2026,9:15 AM,5:56 PM,8.68,Parent/Guardian,Parent/Guardian
Child 0227,Twos B,08/19/2026,6:30 AM,6:00 PM,11.50,Parent/Guardian,Parent/Guardian
Child 0229,Twos B,08/19/2026,7:41 AM,4:46 PM,9.08,Parent/Guardian,Parent/Guardian
Child 0233,Twos B,08/19/2026,7:54 AM,4:12 PM,8.30,Parent/Guardian,Parent/Guardian
Child 0237,Twos B,08/19/2026,7:36 AM,4:18 PM,8.70,Parent/Guardian,Parent/Guardian
Child 0239,Threes,08/19/2026,9:25 AM,4:50 PM,7.42,Parent/Guardian,Parent/Guardian
Child 0241,Threes,08/19/2026,6:40 AM,5:23 PM,10.72,Parent/Guardian,Parent/Guardian
Child 0244,Threes,08/19/2026,7:46 AM,6:00 PM,10.23,Parent/Guardian,Parent/Guardian
Child 0255,Threes,08/19/2026,8:35 AM,6:00 PM,9.42,Parent/Guardian,Parent/Guardian
Child 0258,Threes,08/19/2026,7:42 AM,3:50 PM,8.13,Parent/Guardian,Parent/Guardian
Child 0259,Threes,08/19/2026,7:56 AM,4:59 PM,9.05,Parent/Guardian,Parent/Guardian
Child 0260,Threes,08/19/2026,7:54 AM,2:46 PM,6.87,Parent/Guardian,Parent/Guardian
Child 0262,Threes,08/19/2026,7:10 AM,4:29 PM,9.32,Parent/Guardian,Parent/Guardian
Child 0264,Threes,08/19/2026,7:22 AM,3:01 PM,7.65,Parent/Guardian,Parent/Guardian
Child 0266,Threes,08/19/2026,8:13 AM,12:22 PM,4.15,Parent/Guardian,Parent/Guardian
Child 0267,Threes,08/19/2026,7:26 AM,3:28 PM,8.03,Parent/Guardian,Parent/Guardian
Child 0268,Threes,08/19/2026,7:56 AM,4:37 PM,8.68,Parent/Guardian,Parent/Guardian
Child 0270,Threes,08/19/2026,7:48 AM,5:31 PM,9.72,Parent/Guardian,Parent/Guardian
Child 0271,Threes,08/19/2026,7:06 AM,5:23 PM,10.28,Parent/Guardian,Parent/Guardian
Child 0273,Threes,08/19/2026,7:30 AM,2:26 PM,6.93,Parent/Guardian,Parent/Guardian
Child 0276,Threes,08/19/2026,7:29 AM,1:06 PM,5.62,Parent/Guardian,Parent/Guardian
Child 0280,Threes,08/19/2026,7:35 AM,4:39 PM,9.07,Parent/Guardian,Parent/Guardian
Child 0281,Threes,08/19/2026,8:59 AM,6:00 PM,9.02,Parent/Guardian,Parent/Guardian
Child 0282,Threes,08/19/2026,8:00 AM,5:08 PM,9.13,Parent/Guardian,Parent/Guardian
Child 0284,Fours A,08/19/2026,8:20 AM,3:18 PM,6.97,Parent/Guardian,Parent/Guardian
Child 0288,Fours A,08/19/2026,8:58 AM,6:00 PM,9.03,Parent/Guardian,Parent/Guardian
Child 0289,Fours A,08/19/2026,7:50 AM,6:00 PM,10.17,Parent/Guardian,Parent/Guardian
Child 0292,Fours A,08/19/2026,8:38 AM,4:11 PM,7.55,Parent/Guardian,Parent/Guardian
Child 0298,Fours A,08/19/2026,8:40 AM,12:23 PM,3.72,Parent/Guardian,Parent/Guardian
Child 0300,Fours A,08/19/2026,9:25 AM,4:21 PM,6.93,Parent/Guardian,Parent/Guardian
Child 0303,Fours A,08/19/2026,7:46 AM,4:23 PM,8.62,Parent/Guardian,Parent/Guardian
Child 0305,Fours A,08/19/2026,7:55 AM,6:00 PM,10.08,Parent/Guardian,Parent/Guardian
Child 0306,Fours A,08/19/2026,8:00 AM,3:38 PM,7.63,Parent/Guardian,Parent/Guardian
Child 0310,Fours A,08/19/2026,8:32 AM,5:44 PM,9.20,Parent/Guardian,Parent/Guardian
Child 0314,Fours A,08/19/2026,8:33 AM,4:51 PM,8.30,Parent/Guardian,Parent/Guardian
Child 0316,Fours A,08/19/2026,8:30 AM,3:39 PM,7.15,Parent/Guardian,Parent/Guardian
Child 0319,Fours A,08/19/2026,9:10 AM,12:20 PM,3.17,Parent/Guardian,Parent/Guardian
Child 0322,Fours A,08/19/2026,7:35 AM,4:59 PM,9.40,Parent/Guardian,Parent/Guardian
Child 0328,Fours A,08/19/2026,7:35 AM,5:14 PM,9.65,Parent/Guardian,Parent/Guardian
Child 0331,Fours A,08/19/2026,8:07 AM,6:00 PM,9.88,Parent/Guardian,Parent/Guardian
Child 0332,Fours A,08/19/2026,8:13 AM,5:06 PM,8.88,Parent/Guardian,Parent/Guardian
Child 0334,Fours A,08/19/2026,7:35 AM,4:52 PM,9.28,Parent/Guardian,Parent/Guardian
Child 0338,Fours A,08/19/2026,7:28 AM,4:41 PM,9.22,Parent/Guardian,Parent/Guardian
Child 0339,Fours A,08/19/2026,7:32 AM,4:34 PM,9.03,Parent/Guardian,Parent/Guardian
Child 0343,Fours A,08/19/2026,8:08 AM,3:19 PM,7.18,Parent/Guardian,Parent/Guardian
Child 0345,Fours B,08/19/2026,9:10 AM,5:26 PM,8.27,Parent/Guardian,Parent/Guardian
Child 0347,Fours B,08/19/2026,9:05 AM,4:13 PM,7.13,Parent/Guardian,Parent/Guardian
Child 0348,Fours B,08/19/2026,8:13 AM,3:57 PM,7.73,Parent/Guardian,Parent/Guardian
Child 0354,Fours B,08/19/2026,8:21 AM,4:08 PM,7.78,Parent/Guardian,Parent/Guardian
Child 0356,Fours B,08/19/2026,8:02 AM,4:56 PM,8.90,Parent/Guardian,Parent/Guardian
Child 0357,Fours B,08/19/2026,8:14 AM,5:04 PM,8.83,Parent/Guardian,Parent/Guardian
Child 0358,Fours B,08/19/2026,8:28 AM,4:22 PM,7.90,Parent/Guardian,Parent/Guardian
Child 0362,Fours B,08/19/2026,7:07 AM,5:02 PM,9.92,Parent/Guardian,Parent/Guardian
Child 0363,Fours B,08/19/2026,7:20 AM,12:28 PM,5.13,Parent/Guardian,Parent/Guardian
Child 0366,Fours B,08/19/2026,7:04 AM,3:57 PM,8.88,Parent/Guardian,Parent/Guardian
Child 0370,Fours B,08/19/2026,8:14 AM,5:03 PM,8.82,Parent/Guardian,Parent/Guardian
Child 0374,Fours B,08/19/2026,7:58 AM,6:00 PM,10.03,Parent/Guardian,Parent/Guardian
Child 0375,Fours B,08/19/2026,8:54 AM,4:43 PM,7.82,Parent/Guardian,Parent/Guardian
Child 0379,Fours B,08/19/2026,8:32 AM,4:39 PM,8.12,Parent/Guardian,Parent/Guardian
Child 0383,Fours B,08/19/2026,8:27 AM,4:22 PM,7.92,Parent/Guardian,Parent/Guardian
Child 0384,Fours B,08/19/2026,8:03 AM,4:58 PM,8.92,Parent/Guardian,Parent/Guardian
Child 0386,Fours B,08/19/2026,7:19 AM,4:05 PM,8.77,Parent/Guardian,Parent/Guardian
Child 0389,Fours B,08/19/2026,8:04 AM,5:31 PM,9.45,Parent/Guardian,Parent/Guardian
Child 0390,Fours B,08/19/2026,8:59 AM,4:29 PM,7.50,Parent/Guardian,Parent/Guardian
Child 0103,Infants A,08/20/2026,8:14 AM,4:19 PM,8.08,Parent/Guardian,Parent/Guardian
Child 0104,Infants A,08/20/2026,7:28 AM,4:57 PM,9.48,Parent/Guardian,Parent/Guardian
Child 0105,Infants A,08/20/2026,8:19 AM,5:25 PM,9.10,Parent/Guardian,Parent/Guardian
Child 0109,Infants A,08/20/2026,9:04 AM,5:20 PM,8.27,Parent/Guardian,Parent/Guardian
Child 0110,Infants A,08/20/2026,7:42 AM,4:27 PM,8.75,Parent/Guardian,Parent/Guardian
Child 0111,Infants A,08/20/2026,7:41 AM,4:22 PM,8.68,Parent/Guardian,Parent/Guardian
Child 0112,Infants A,08/20/2026,6:48 AM,4:30 PM,9.70,Parent/Guardian,Parent/Guardian
Child 0113,Infants A,08/20/2026,7:08 AM,4:19 PM,9.18,Parent/Guardian,Parent/Guardian
Child 0114,Infants A,08/20/2026,7:32 AM,4:22 PM,8.83,Parent/Guardian,Parent/Guardian
Child 0118,Infants B,08/20/2026,8:17 AM,4:12 PM,7.92,Parent/Guardian,Parent/Guardian
Child 0121,Infants B,08/20/2026,7:26 AM,5:53 PM,10.45,Parent/Guardian,Parent/Guardian
Child 0123,Infants B,08/20/2026,8:39 AM,5:02 PM,8.38,Parent/Guardian,Parent/Guardian
Child 0126,Infants B,08/20/2026,7:53 AM,4:05 PM,8.20,Parent/Guardian,Parent/Guardian
Child 0127,Infants B,08/20/2026,7:31 AM,5:06 PM,9.58,Parent/Guardian,Parent/Guardian
Child 0131,Infants B,08/20/2026,6:30 AM,5:16 PM,10.77,Parent/Guardian,Parent/Guardian
Child 0138,Infants B,08/20/2026,8:20 AM,4:59 PM,8.65,Parent/Guardian,Parent/Guardian
Child 0139,Ones,08/20/2026,8:51 AM,4:56 PM,8.08,Parent/Guardian,Parent/Guardian
Child 0143,Ones,08/20/2026,7:45 AM,5:52 PM,10.12,Parent/Guardian,Parent/Guardian
Child 0148,Ones,08/20/2026,8:55 AM,5:09 PM,8.23,Parent/Guardian,Parent/Guardian
Child 0152,Ones,08/20/2026,7:04 AM,5:09 PM,10.08,Parent/Guardian,Parent/Guardian
Child 0159,Ones,08/20/2026,7:50 AM,4:07 PM,8.28,Parent/Guardian,Parent/Guardian
Child 0160,Ones,08/20/2026,7:52 AM,5:22 PM,9.50,Parent/Guardian,Parent/Guardian
Child 0164,Ones,08/20/2026,8:09 AM,4:49 PM,8.67,Parent/Guardian,Parent/Guardian
Child 0166,Ones,08/20/2026,7:23 AM,5:31 PM,10.13,Parent/Guardian,Parent/Guardian
Child 0168,Twos A,08/20/2026,7:47 AM,3:40 PM,7.88,Parent/Guardian,Parent/Guardian
Child 0169,Twos A,08/20/2026,6:41 AM,5:11 PM,10.50,Parent/Guardian,Parent/Guardian
Child 0173,Twos A,08/20/2026,7:35 AM,4:59 PM,9.40,Parent/Guardian,Parent/Guardian
Child 0179,Twos A,08/20/2026,8:32 AM,5:38 PM,9.10,Parent/Guardian,Parent/Guardian
Child 0181,Twos A,08/20/2026,6:31 AM,4:41 PM,10.17,Parent/Guardian,Parent/Guardian
Child 0182,Twos A,08/20/2026,8:34 AM,4:16 PM,7.70,Parent/Guardian,Parent/Guardian
Child 0185,Twos A,08/20/2026,9:10 AM,4:20 PM,7.17,Parent/Guardian,Parent/Guardian
Child 0186,Twos A,08/20/2026,9:11 AM,3:02 PM,5.85,Parent/Guardian,Parent/Guardian
Child 0190,Twos A,08/20/2026,7:58 AM,5:12 PM,9.23,Parent/Guardian,Parent/Guardian
Child 0195,Twos A,08/20/2026,8:26 AM,4:25 PM,7.98,Parent/Guardian,Parent/Guardian
Child 0196,Twos A,08/20/2026,7:47 AM,4:08 PM,8.35,Parent/Guardian,Parent/Guardian
Child 0197,Twos A,08/20/2026,7:34 AM,4:34 PM,9.00,Parent/Guardian,Parent/Guardian
Child 0199,Twos A,08/20/2026,7:52 AM,5:13 PM,9.35,Parent/Guardian,Parent/Guardian
Child 0202,Twos A,08/20/2026,7:08 AM,4:17 PM,9.15,Parent/Guardian,Parent/Guardian
Child 0204,Twos B,08/20/2026,8:24 AM,3:30 PM,7.10,Parent/Guardian,Parent/Guardian
Child 0206,Twos B,08/20/2026,8:00 AM,5:35 PM,9.58,Parent/Guardian,Parent/Guardian
Child 0207,Twos B,08/20/2026,8:22 AM,4:06 PM,7.73,Parent/Guardian,Parent/Guardian
Child 0210,Twos B,08/20/2026,6:30 AM,5:52 PM,11.37,Parent/Guardian,Parent/Guardian
Child 0213,Twos B,08/20/2026,8:08 AM,4:59 PM,8.85,Parent/Guardian,Parent/Guardian
Child 0216,Twos B,08/20/2026,8:34 AM,6:00 PM,9.43,Parent/Guardian,Parent/Guardian
Child 0217,Twos B,08/20/2026,6:52 AM,4:51 PM,9.98,Parent/Guardian,Parent/Guardian
Child 0218,Twos B,08/20/2026,8:15 AM,4:21 PM,8.10,Parent/Guardian,Parent/Guardian
Child 0220,Twos B,08/20/2026,7:11 AM,4:55 PM,9.73,Parent/Guardian,Parent/Guardian
Child 0223,Twos B,08/20/2026,9:17 AM,5:47 PM,8.50,Parent/Guardian,Parent/Guardian
Child 0227,Twos B,08/20/2026,6:50 AM,5:55 PM,11.08,Parent/Guardian,Parent/Guardian
Child 0229,Twos B,08/20/2026,8:16 AM,4:55 PM,8.65,Parent/Guardian,Parent/Guardian
Child 0233,Twos B,08/20/2026,7:53 AM,4:18 PM,8.42,Parent/Guardian,Parent/Guardian
Child 0237,Twos B,08/20/2026,7:48 AM,4:09 PM,8.35,Parent/Guardian,Parent/Guardian
Child 0239,Threes,08/20/2026,8:55 AM,5:07 PM,8.20,Parent/Guardian,Parent/Guardian
Child 0241,Threes,08/20/2026,7:01 AM,5:48 PM,10.78,Parent/Guardian,Parent/Guardian
Child 0244,Threes,08/20/2026,8:22 AM,5:41 PM,9.32,Parent/Guardian,Parent/Guardian
Child 0248,Threes,08/20/2026,8:18 AM,4:39 PM,8.35,Parent/Guardian,Parent/Guardian
Child 0252,Threes,08/20/2026,8:15 AM,12:15 PM,4.00,Parent/Guardian,Parent/Guardian
Child 0253,Threes,08/20/2026,8:59 AM,3:37 PM,6.63,Parent/Guardian,Parent/Guardian
Child 0258,Threes,08/20/2026,7:48 AM,4:06 PM,8.30,Parent/Guardian,Parent/Guardian
Child 0259,Threes,08/20/2026,8:23 AM,5:44 PM,9.35,Parent/Guardian,Parent/Guardian
Child 0260,Threes,08/20/2026,8:15 AM,3:37 PM,7.37,Parent/Guardian,Parent/Guardian
Child 0262,Threes,08/20/2026,7:46 AM,4:27 PM,8.68,Parent/Guardian,Parent/Guardian
Child 0264,Threes,08/20/2026,8:01 AM,3:09 PM,7.13,Parent/Guardian,Parent/Guardian
Child 0266,Threes,08/20/2026,8:08 AM,12:31 PM,4.38,Parent/Guardian,Parent/Guardian
Child 0268,Threes,08/20/2026,7:58 AM,4:32 PM,8.57,Parent/Guardian,Parent/Guardian
Child 0270,Threes,08/20/2026,7:54 AM,5:15 PM,9.35,Parent/Guardian,Parent/Guardian
Child 0271,Threes,08/20/2026,7:30 AM,5:21 PM,9.85,Parent/Guardian,Parent/Guardian
Child 0273,Threes,08/20/2026,7:14 AM,2:22 PM,7.13,Parent/Guardian,Parent/Guardian
Child 0276,Threes,08/20/2026,7:21 AM,1:04 PM,5.72,Parent/Guardian,Parent/Guardian
Child 0280,Threes,08/20/2026,7:40 AM,4:17 PM,8.62,Parent/Guardian,Parent/Guardian
Child 0281,Threes,08/20/2026,9:17 AM,5:24 PM,8.12,Parent/Guardian,Parent/Guardian
Child 0284,Fours A,08/20/2026,8:51 AM,3:16 PM,6.42,Parent/Guardian,Parent/Guardian
Child 0288,Fours A,08/20/2026,8:55 AM,5:54 PM,8.98,Parent/Guardian,Parent/Guardian
Child 0289,Fours A,08/20/2026,7:33 AM,6:00 PM,10.45,Parent/Guardian,Parent/Guardian
Child 0292,Fours A,08/20/2026,9:18 AM,4:16 PM,6.97,Parent/Guardian,Parent/Guardian
Child 0294,Fours A,08/20/2026,9:17 AM,5:27 PM,8.17,Parent/Guardian,Parent/Guardian
Child 0300,Fours A,08/20/2026,9:30 AM,4:12 PM,6.70,Parent/Guardian,Parent/Guardian
Child 0303,Fours A,08/20/2026,7:16 AM,4:31 PM,9.25,Parent/Guardian,Parent/Guardian
Child 0305,Fours A,08/20/2026,7:26 AM,6:00 PM,10.57,Parent/Guardian,Parent/Guardian
Child 0306,Fours A,08/20/2026,8:02 AM,4:05 PM,8.05,Parent/Guardian,Parent/Guardian
Child 0310,Fours A,08/20/2026,9:13 AM,5:44 PM,8.52,Parent/Guardian,Parent/Guardian
Child 0314,Fours A,08/20/2026,8:36 AM,4:31 PM,7.92,Parent/Guardian,Parent/Guardian
Child 0316,Fours A,08/20/2026,8:17 AM,3:53 PM,7.60,Parent/Guardian,Parent/Guardian
Child 0319,Fours A,08/20/2026,8:58 AM,12:34 PM,3.60,Parent/Guardian,Parent/Guardian
Child 0322,Fours A,08/20/2026,8:01 AM,4:47 PM,8.77,Parent/Guardian,Parent/Guardian
Child 0325,Fours A,08/20/2026,7:24 AM,12:43 PM,5.32,Parent/Guardian,Parent/Guardian
Child 0331,Fours A,08/20/2026,8:02 AM,6:00 PM,9.97,Parent/Guardian,Parent/Guardian
Child 0332,Fours A,08/20/2026,7:41 AM,5:16 PM,9.58,Parent/Guardian,Parent/Guardian
Child 0334,Fours A,08/20/2026,8:12 AM,4:13 PM,8.02,Parent/Guardian,Parent/Guardian
Child 0338,Fours A,08/20/2026,7:17 AM,4:14 PM,8.95,Parent/Guardian,Parent/Guardian
Child 0339,Fours A,08/20/2026,7:04 AM,4:20 PM,9.27,Parent/Guardian,Parent/Guardian
Child 0343,Fours A,08/20/2026,8:14 AM,3:34 PM,7.33,Parent/Guardian,Parent/Guardian
Child 0345,Fours B,08/20/2026,9:25 AM,5:17 PM,7.87,Parent/Guardian,Parent/Guardian
Child 0347,Fours B,08/20/2026,9:06 AM,4:35 PM,7.48,Parent/Guardian,Parent/Guardian
Child 0348,Fours B,08/20/2026,8:25 AM,4:06 PM,7.68,Parent/Guardian,Parent/Guardian
Child 0350,Fours B,08/20/2026,8:22 AM,4:29 PM,8.12,Parent/Guardian,Parent/Guardian
Child 0354,Fours B,08/20/2026,8:26 AM,3:51 PM,7.42,Parent/Guardian,Parent/Guardian
Child 0356,Fours B,08/20/2026,7:48 AM,4:31 PM,8.72,Parent/Guardian,Parent/Guardian
Child 0357,Fours B,08/20/2026,7:51 AM,4:37 PM,8.77,Parent/Guardian,Parent/Guardian
Child 0358,Fours B,08/20/2026,7:53 AM,4:19 PM,8.43,Parent/Guardian,Parent/Guardian
Child 0362,Fours B,08/20/2026,7:09 AM,4:50 PM,9.68,Parent/Guardian,Parent/Guardian
Child 0363,Fours B,08/20/2026,6:58 AM,11:57 AM,4.98,Parent/Guardian,Parent/Guardian
Child 0366,Fours B,08/20/2026,7:07 AM,4:07 PM,9.00,Parent/Guardian,Parent/Guardian
Child 0370,Fours B,08/20/2026,8:24 AM,4:53 PM,8.48,Parent/Guardian,Parent/Guardian
Child 0374,Fours B,08/20/2026,7:51 AM,5:42 PM,9.85,Parent/Guardian,Parent/Guardian
Child 0375,Fours B,08/20/2026,8:29 AM,4:34 PM,8.08,Parent/Guardian,Parent/Guardian
Child 0379,Fours B,08/20/2026,9:12 AM,4:39 PM,7.45,Parent/Guardian,Parent/Guardian
Child 0383,Fours B,08/20/2026,8:33 AM,4:57 PM,8.40,Parent/Guardian,Parent/Guardian
Child 0384,Fours B,08/20/2026,7:58 AM,4:24 PM,8.43,Parent/Guardian,Parent/Guardian
Child 0389,Fours B,08/20/2026,8:17 AM,5:52 PM,9.58,Parent/Guardian,Parent/Guardian
Child 0390,Fours B,08/20/2026,8:55 AM,4:12 PM,7.28,Parent/Guardian,Parent/Guardian
Child 0103,Infants A,08/21/2026,8:40 AM,4:02 PM,7.37,Parent/Guardian,Parent/Guardian
Child 0104,Infants A,08/21/2026,8:04 AM,4:47 PM,8.72,Parent/Guardian,Parent/Guardian
Child 0105,Infants A,08/21/2026,8:29 AM,5:06 PM,8.62,Parent/Guardian,Parent/Guardian
Child 0110,Infants A,08/21/2026,7:42 AM,3:52 PM,8.17,Parent/Guardian,Parent/Guardian
Child 0111,Infants A,08/21/2026,7:48 AM,3:58 PM,8.17,Parent/Guardian,Parent/Guardian
Child 0112,Infants A,08/21/2026,7:14 AM,4:16 PM,9.03,Parent/Guardian,Parent/Guardian
Child 0113,Infants A,08/21/2026,7:16 AM,3:58 PM,8.70,Parent/Guardian,Parent/Guardian
Child 0114,Infants A,08/21/2026,6:53 AM,4:04 PM,9.18,Parent/Guardian,Parent/Guardian
Child 0118,Infants B,08/21/2026,8:12 AM,3:40 PM,7.47,Parent/Guardian,Parent/Guardian
Child 0123,Infants B,08/21/2026,8:30 AM,4:54 PM,8.40,Parent/Guardian,Parent/Guardian
Child 0126,Infants B,08/21/2026,7:44 AM,3:51 PM,8.12,Parent/Guardian,Parent/Guardian
Child 0131,Infants B,08/21/2026,6:30 AM,5:02 PM,10.53,Parent/Guardian,Parent/Guardian
Child 0134,Infants B,08/21/2026,7:37 AM,4:57 PM,9.33,Parent/Guardian,Parent/Guardian
Child 0139,Ones,08/21/2026,8:49 AM,5:02 PM,8.22,Parent/Guardian,Parent/Guardian
Child 0144,Ones,08/21/2026,8:43 AM,3:53 PM,7.17,Parent/Guardian,Parent/Guardian
Child 0150,Ones,08/21/2026,6:36 AM,5:36 PM,11.00,Parent/Guardian,Parent/Guardian
Child 0152,Ones,08/21/2026,7:23 AM,5:00 PM,9.62,Parent/Guardian,Parent/Guardian
Child 0156,Ones,08/21/2026,8:33 AM,3:41 PM,7.13,Parent/Guardian,Parent/Guardian
Child 0159,Ones,08/21/2026,7:49 AM,3:50 PM,8.02,Parent/Guardian,Parent/Guardian
Child 0160,Ones,08/21/2026,8:18 AM,5:15 PM,8.95,Parent/Guardian,Parent/Guardian
Child 0164,Ones,08/21/2026,8:01 AM,4:07 PM,8.10,Parent/Guardian,Parent/Guardian
Child 0168,Twos A,08/21/2026,8:14 AM,3:46 PM,7.53,Parent/Guardian,Parent/Guardian
Child 0173,Twos A,08/21/2026,7:38 AM,4:36 PM,8.97,Parent/Guardian,Parent/Guardian
Child 0179,Twos A,08/21/2026,8:26 AM,4:44 PM,8.30,Parent/Guardian,Parent/Guardian
Child 0181,Twos A,08/21/2026,6:34 AM,4:04 PM,9.50,Parent/Guardian,Parent/Guardian
Child 0182,Twos A,08/21/2026,8:39 AM,3:45 PM,7.10,Parent/Guardian,Parent/Guardian
Child 0185,Twos A,08/21/2026,8:48 AM,4:15 PM,7.45,Parent/Guardian,Parent/Guardian
Child 0186,Twos A,08/21/2026,9:39 AM,2:20 PM,4.68,Parent/Guardian,Parent/Guardian
Child 0193,Twos A,08/21/2026,6:35 AM,4:15 PM,9.67,Parent/Guardian,Parent/Guardian
Child 0195,Twos A,08/21/2026,8:21 AM,4:06 PM,7.75,Parent/Guardian,Parent/Guardian
Child 0197,Twos A,08/21/2026,7:46 AM,4:16 PM,8.50,Parent/Guardian,Parent/Guardian
Child 0199,Twos A,08/21/2026,7:39 AM,5:06 PM,9.45,Parent/Guardian,Parent/Guardian
Child 0202,Twos A,08/21/2026,7:26 AM,3:52 PM,8.43,Parent/Guardian,Parent/Guardian
Child 0204,Twos B,08/21/2026,8:08 AM,3:30 PM,7.37,Parent/Guardian,Parent/Guardian
Child 0206,Twos B,08/21/2026,7:52 AM,5:18 PM,9.43,Parent/Guardian,Parent/Guardian
Child 0207,Twos B,08/21/2026,8:07 AM,3:44 PM,7.62,Parent/Guardian,Parent/Guardian
Child 0210,Twos B,08/21/2026,6:42 AM,4:56 PM,10.23,Parent/Guardian,Parent/Guardian
Child 0216,Twos B,08/21/2026,8:25 AM,5:21 PM,8.93,Parent/Guardian,Parent/Guardian
Child 0217,Twos B,08/21/2026,6:59 AM,5:03 PM,10.07,Parent/Guardian,Parent/Guardian
Child 0218,Twos B,08/21/2026,8:12 AM,4:06 PM,7.90,Parent/Guardian,Parent/Guardian
Child 0220,Twos B,08/21/2026,7:26 AM,4:20 PM,8.90,Parent/Guardian,Parent/Guardian
Child 0223,Twos B,08/21/2026,9:00 AM,5:18 PM,8.30,Parent/Guardian,Parent/Guardian
Child 0227,Twos B,08/21/2026,6:42 AM,5:10 PM,10.47,Parent/Guardian,Parent/Guardian
Child 0233,Twos B,08/21/2026,8:19 AM,3:54 PM,7.58,Parent/Guardian,Parent/Guardian
Child 0237,Twos B,08/21/2026,7:44 AM,3:57 PM,8.22,Parent/Guardian,Parent/Guardian
Child 0239,Threes,08/21/2026,9:07 AM,5:04 PM,7.95,Parent/Guardian,Parent/Guardian
Child 0241,Threes,08/21/2026,7:02 AM,4:35 PM,9.55,Parent/Guardian,Parent/Guardian
Child 0248,Threes,08/21/2026,7:55 AM,3:55 PM,8.00,Parent/Guardian,Parent/Guardian
Child 0252,Threes,08/21/2026,8:33 AM,11:51 AM,3.30,Parent/Guardian,Parent/Guardian
Child 0253,Threes,08/21/2026,8:42 AM,3:26 PM,6.73,Parent/Guardian,Parent/Guardian
Child 0255,Threes,08/21/2026,8:28 AM,5:09 PM,8.68,Parent/Guardian,Parent/Guardian
Child 0259,Threes,08/21/2026,7:56 AM,4:56 PM,9.00,Parent/Guardian,Parent/Guardian
Child 0262,Threes,08/21/2026,7:41 AM,3:52 PM,8.18,Parent/Guardian,Parent/Guardian
Child 0264,Threes,08/21/2026,7:18 AM,2:54 PM,7.60,Parent/Guardian,Parent/Guardian
Child 0266,Threes,08/21/2026,8:31 AM,12:09 PM,3.63,Parent/Guardian,Parent/Guardian
Child 0268,Threes,08/21/2026,8:13 AM,4:26 PM,8.22,Parent/Guardian,Parent/Guardian
Child 0270,Threes,08/21/2026,7:48 AM,4:55 PM,9.12,Parent/Guardian,Parent/Guardian
Child 0271,Threes,08/21/2026,7:27 AM,4:43 PM,9.27,Parent/Guardian,Parent/Guardian
Child 0276,Threes,08/21/2026,7:33 AM,12:50 PM,5.28,Parent/Guardian,Parent/Guardian
Child 0284,Fours A,08/21/2026,8:32 AM,3:37 PM,7.08,Parent/Guardian,Parent/Guardian
Child 0288,Fours A,08/21/2026,8:42 AM,5:32 PM,8.83,Parent/Guardian,Parent/Guardian
Child 0289,Fours A,08/21/2026,7:26 AM,5:45 PM,10.32,Parent/Guardian,Parent/Guardian
Child 0292,Fours A,08/21/2026,8:40 AM,4:08 PM,7.47,Parent/Guardian,Parent/Guardian
Child 0294,Fours A,08/21/2026,9:06 AM,4:46 PM,7.67,Parent/Guardian,Parent/Guardian
Child 0298,Fours A,08/21/2026,8:36 AM,12:14 PM,3.63,Parent/Guardian,Parent/Guardian
Child 0300,Fours A,08/21/2026,9:12 AM,3:39 PM,6.45,Parent/Guardian,Parent/Guardian
Child 0305,Fours A,08/21/2026,7:55 AM,5:49 PM,9.90,Parent/Guardian,Parent/Guardian
Child 0306,Fours A,08/21/2026,7:57 AM,2:56 PM,6.98,Parent/Guardian,Parent/Guardian
Child 0310,Fours A,08/21/2026,8:50 AM,4:53 PM,8.05,Parent/Guardian,Parent/Guardian
Child 0314,Fours A,08/21/2026,8:26 AM,4:28 PM,8.03,Parent/Guardian,Parent/Guardian
Child 0316,Fours A,08/21/2026,8:28 AM,3:32 PM,7.07,Parent/Guardian,Parent/Guardian
Child 0319,Fours A,08/21/2026,9:12 AM,12:24 PM,3.20,Parent/Guardian,Parent/Guardian
Child 0325,Fours A,08/21/2026,7:26 AM,11:57 AM,4.52,Parent/Guardian,Parent/Guardian
Child 0328,Fours A,08/21/2026,7:33 AM,4:27 PM,8.90,Parent/Guardian,Parent/Guardian
Child 0332,Fours A,08/21/2026,8:05 AM,4:48 PM,8.72,Parent/Guardian,Parent/Guardian
Child 0334,Fours A,08/21/2026,7:40 AM,4:15 PM,8.58,Parent/Guardian,Parent/Guardian
Child 0338,Fours A,08/21/2026,7:25 AM,3:59 PM,8.57,Parent/Guardian,Parent/Guardian
Child 0339,Fours A,08/21/2026,7:14 AM,3:38 PM,8.40,Parent/Guardian,Parent/Guardian
Child 0345,Fours B,08/21/2026,9:14 AM,4:49 PM,7.58,Parent/Guardian,Parent/Guardian
Child 0347,Fours B,08/21/2026,9:05 AM,4:07 PM,7.03,Parent/Guardian,Parent/Guardian
Child 0348,Fours B,08/21/2026,8:42 AM,3:09 PM,6.45,Parent/Guardian,Parent/Guardian
Child 0350,Fours B,08/21/2026,8:15 AM,4:39 PM,8.40,Parent/Guardian,Parent/Guardian
Child 0354,Fours B,08/21/2026,8:35 AM,3:49 PM,7.23,Parent/Guardian,Parent/Guardian
Child 0356,Fours B,08/21/2026,8:01 AM,4:26 PM,8.42,Parent/Guardian,Parent/Guardian
Child 0358,Fours B,08/21/2026,8:04 AM,4:01 PM,7.95,Parent/Guardian,Parent/Guardian
Child 0362,Fours B,08/21/2026,7:10 AM,4:08 PM,8.97,Parent/Guardian,Parent/Guardian
Child 0363,Fours B,08/21/2026,7:22 AM,12:09 PM,4.78,Parent/Guardian,Parent/Guardian
Child 0366,Fours B,08/21/2026,7:40 AM,3:33 PM,7.88,Parent/Guardian,Parent/Guardian
Child 0375,Fours B,08/21/2026,8:56 AM,4:42 PM,7.77,Parent/Guardian,Parent/Guardian
Child 0379,Fours B,08/21/2026,8:46 AM,4:45 PM,7.98,Parent/Guardian,Parent/Guardian
Child 0383,Fours B,08/21/2026,8:43 AM,4:24 PM,7.68,Parent/Guardian,Parent/Guardian
Child 0384,Fours B,08/21/2026,7:41 AM,4:21 PM,8.67,Parent/Guardian,Parent/Guardian
Child 0386,Fours B,08/21/2026,7:15 AM,3:48 PM,8.55,Parent/Guardian,Parent/Guardian
Child 0390,Fours B,08/21/2026,8:49 AM,4:09 PM,7.33,Parent/Guardian,Parent/Guardian
Child 0105,Infants A,08/24/2026,8:27 AM,4:53 PM,8.43,Parent/Guardian,Parent/Guardian
Child 0109,Infants A,08/24/2026,8:37 AM,5:18 PM,8.68,Parent/Guardian,Parent/Guardian
Child 0110,Infants A,08/24/2026,7:48 AM,4:33 PM,8.75,Parent/Guardian,Parent/Guardian
Child 0111,Infants A,08/24/2026,7:45 AM,4:54 PM,9.15,Parent/Guardian,Parent/Guardian
Child 0112,Infants A,08/24/2026,7:22 AM,4:14 PM,8.87,Parent/Guardian,Parent/Guardian
Child 0113,Infants A,08/24/2026,6:57 AM,4:44 PM,9.78,Parent/Guardian,Parent/Guardian
Child 0114,Infants A,08/24/2026,6:51 AM,3:54 PM,9.05,Parent/Guardian,Parent/Guardian
Child 0118,Infants B,08/24/2026,8:20 AM,3:50 PM,7.50,Parent/Guardian,Parent/Guardian
Child 0121,Infants B,08/24/2026,7:27 AM,6:00 PM,10.55,Parent/Guardian,Parent/Guardian
Child 0123,Infants B,08/24/2026,8:28 AM,5:12 PM,8.73,Parent/Guardian,Parent/Guardian
Child 0126,Infants B,08/24/2026,7:56 AM,4:21 PM,8.42,Parent/Guardian,Parent/Guardian
Child 0127,Infants B,08/24/2026,7:15 AM,4:40 PM,9.42,Parent/Guardian,Parent/Guardian
Child 0131,Infants B,08/24/2026,6:30 AM,5:49 PM,11.32,Parent/Guardian,Parent/Guardian
Child 0134,Infants B,08/24/2026,7:34 AM,5:32 PM,9.97,Parent/Guardian,Parent/Guardian
Child 0138,Infants B,08/24/2026,8:05 AM,4:43 PM,8.63,Parent/Guardian,Parent/Guardian
Child 0139,Ones,08/24/2026,8:49 AM,5:17 PM,8.47,Parent/Guardian,Parent/Guardian
Child 0143,Ones,08/24/2026,7:38 AM,5:01 PM,9.38,Parent/Guardian,Parent/Guardian
Child 0148,Ones,08/24/2026,8:29 AM,5:34 PM,9.08,Parent/Guardian,Parent/Guardian
Child 0150,Ones,08/24/2026,6:36 AM,6:00 PM,11.40,Parent/Guardian,Parent/Guardian
Child 0152,Ones,08/24/2026,7:12 AM,4:45 PM,9.55,Parent/Guardian,Parent/Guardian
Child 0156,Ones,08/24/2026,8:32 AM,4:02 PM,7.50,Parent/Guardian,Parent/Guardian
Child 0159,Ones,08/24/2026,8:02 AM,4:14 PM,8.20,Parent/Guardian,Parent/Guardian
Child 0160,Ones,08/24/2026,8:31 AM,5:21 PM,8.83,Parent/Guardian,Parent/Guardian
Child 0164,Ones,08/24/2026,8:13 AM,4:14 PM,8.02,Parent/Guardian,Parent/Guardian
Child 0166,Ones,08/24/2026,7:29 AM,5:07 PM,9.63,Parent/Guardian,Parent/Guardian
Child 0169,Twos A,08/24/2026,6:42 AM,5:04 PM,10.37,Parent/Guardian,Parent/Guardian
Child 0173,Twos A,08/24/2026,7:36 AM,5:23 PM,9.78,Parent/Guardian,Parent/Guardian
Child 0177,Twos A,08/24/2026,8:04 AM,5:04 PM,9.00,Parent/Guardian,Parent/Guardian
Child 0181,Twos A,08/24/2026,6:30 AM,4:09 PM,9.65,Parent/Guardian,Parent/Guardian
Child 0186,Twos A,08/24/2026,8:59 AM,3:14 PM,6.25,Parent/Guardian,Parent/Guardian
Child 0190,Twos A,08/24/2026,7:53 AM,5:11 PM,9.30,Parent/Guardian,Parent/Guardian
Child 0193,Twos A,08/24/2026,6:30 AM,5:14 PM,10.73,Parent/Guardian,Parent/Guardian
Child 0195,Twos A,08/24/2026,8:51 AM,4:29 PM,7.63,Parent/Guardian,Parent/Guardian
Child 0196,Twos A,08/24/2026,7:59 AM,4:32 PM,8.55,Parent/Guardian,Parent/Guardian
Child 0197,Twos A,08/24/2026,7:44 AM,4:03 PM,8.32,Parent/Guardian,Parent/Guardian
Child 0199,Twos A,08/24/2026,7:24 AM,5:25 PM,10.02,Parent/Guardian,Parent/Guardian
Child 0202,Twos A,08/24/2026,7:22 AM,3:44 PM,8.37,Parent/Guardian,Parent/Guardian
Child 0204,Twos B,08/24/2026,8:39 AM,3:25 PM,6.77,Parent/Guardian,Parent/Guardian
Child 0206,Twos B,08/24/2026,7:59 AM,5:40 PM,9.68,Parent/Guardian,Parent/Guardian
Child 0210,Twos B,08/24/2026,6:30 AM,5:08 PM,10.63,Parent/Guardian,Parent/Guardian
Child 0213,Twos B,08/24/2026,8:17 AM,4:38 PM,8.35,Parent/Guardian,Parent/Guardian
Child 0216,Twos B,08/24/2026,8:27 AM,5:36 PM,9.15,Parent/Guardian,Parent/Guardian
Child 0217,Twos B,08/24/2026,7:20 AM,4:54 PM,9.57,Parent/Guardian,Parent/Guardian
Child 0218,Twos B,08/24/2026,8:01 AM,4:54 PM,8.88,Parent/Guardian,Parent/Guardian
Child 0220,Twos B,08/24/2026,7:45 AM,4:45 PM,9.00,Parent/Guardian,Parent/Guardian
Child 0223,Twos B,08/24/2026,9:39 AM,5:46 PM,8.12,Parent/Guardian,Parent/Guardian
Child 0227,Twos B,08/24/2026,6:30 AM,5:50 PM,11.33,Parent/Guardian,Parent/Guardian
Child 0233,Twos B,08/24/2026,8:00 AM,4:41 PM,8.68,Parent/Guardian,Parent/Guardian
Child 0237,Twos B,08/24/2026,7:48 AM,3:57 PM,8.15,Parent/Guardian,Parent/Guardian
Child 0239,Threes,08/24/2026,9:07 AM,4:51 PM,7.73,Parent/Guardian,Parent/Guardian
Child 0241,Threes,08/24/2026,6:57 AM,5:05 PM,10.13,Parent/Guardian,Parent/Guardian
Child 0244,Threes,08/24/2026,8:21 AM,6:00 PM,9.65,Parent/Guardian,Parent/Guardian
Child 0248,Threes,08/24/2026,8:00 AM,4:32 PM,8.53,Parent/Guardian,Parent/Guardian
Child 0252,Threes,08/24/2026,8:39 AM,12:01 PM,3.37,Parent/Guardian,Parent/Guardian
Child 0253,Threes,08/24/2026,8:55 AM,3:52 PM,6.95,Parent/Guardian,Parent/Guardian
Child 0255,Threes,08/24/2026,8:35 AM,5:46 PM,9.18,Parent/Guardian,Parent/Guardian
Child 0258,Threes,08/24/2026,7:34 AM,3:43 PM,8.15,Parent/Guardian,Parent/Guardian
Child 0259,Threes,08/24/2026,7:59 AM,5:24 PM,9.42,Parent/Guardian,Parent/Guardian
Child 0260,Threes,08/24/2026,8:17 AM,3:26 PM,7.15,Parent/Guardian,Parent/Guardian
Child 0262,Threes,08/24/2026,7:57 AM,4:21 PM,8.40,Parent/Guardian,Parent/Guardian
Child 0264,Threes,08/24/2026,7:35 AM,3:43 PM,8.13,Parent/Guardian,Parent/Guardian
Child 0266,Threes,08/24/2026,7:46 AM,12:49 PM,5.05,Parent/Guardian,Parent/Guardian
Child 0267,Threes,08/24/2026,7:58 AM,4:42 PM,8.73,Parent/Guardian,Parent/Guardian
Child 0268,Threes,08/24/2026,8:11 AM,4:39 PM,8.47,Parent/Guardian,Parent/Guardian
Child 0270,Threes,08/24/2026,8:13 AM,5:15 PM,9.03,Parent/Guardian,Parent/Guardian
Child 0271,Threes,08/24/2026,7:30 AM,5:13 PM,9.72,Parent/Guardian,Parent/Guardian
Child 0273,Threes,08/24/2026,7:14 AM,3:07 PM,7.88,Parent/Guardian,Parent/Guardian
Child 0276,Threes,08/24/2026,7:18 AM,1:08 PM,5.83,Parent/Guardian,Parent/Guardian
Child 0280,Threes,08/24/2026,7:45 AM,4:05 PM,8.33,Parent/Guardian,Parent/Guardian
Child 0281,Threes,08/24/2026,9:21 AM,5:53 PM,8.53,Parent/Guardian,Parent/Guardian
Child 0282,Threes,08/24/2026,7:49 AM,5:24 PM,9.58,Parent/Guardian,Parent/Guardian
Child 0284,Fours A,08/24/2026,8:14 AM,3:00 PM,6.77,Parent/Guardian,Parent/Guardian
Child 0288,Fours A,08/24/2026,8:55 AM,5:47 PM,8.87,Parent/Guardian,Parent/Guardian
Child 0289,Fours A,08/24/2026,7:55 AM,6:00 PM,10.08,Parent/Guardian,Parent/Guardian
Child 0292,Fours A,08/24/2026,8:50 AM,4:02 PM,7.20,Parent/Guardian,Parent/Guardian
Child 0294,Fours A,08/24/2026,9:30 AM,5:38 PM,8.13,Parent/Guardian,Parent/Guardian
Child 0298,Fours A,08/24/2026,8:22 AM,12:39 PM,4.28,Parent/Guardian,Parent/Guardian
Child 0300,Fours A,08/24/2026,9:44 AM,4:00 PM,6.27,Parent/Guardian,Parent/Guardian
Child 0305,Fours A,08/24/2026,8:06 AM,6:00 PM,9.90,Parent/Guardian,Parent/Guardian
Child 0306,Fours A,08/24/2026,7:45 AM,3:43 PM,7.97,Parent/Guardian,Parent/Guardian
Child 0310,Fours A,08/24/2026,8:52 AM,5:50 PM,8.97,Parent/Guardian,Parent/Guardian
Child 0314,Fours A,08/24/2026,8:53 AM,4:29 PM,7.60,Parent/Guardian,Parent/Guardian
Child 0316,Fours A,08/24/2026,8:36 AM,3:51 PM,7.25,Parent/Guardian,Parent/Guardian
Child 0319,Fours A,08/24/2026,10:00 AM,12:06 PM,2.10,Parent/Guardian,Parent/Guardian
Child 0322,Fours A,08/24/2026,7:55 AM,4:59 PM,9.07,Parent/Guardian,Parent/Guardian
Child 0325,Fours A,08/24/2026,7:05 AM,11:37 AM,4.53,Parent/Guardian,Parent/Guardian
Child 0328,Fours A,08/24/2026,7:25 AM,4:55 PM,9.50,Parent/Guardian,Parent/Guardian
Child 0331,Fours A,08/24/2026,8:14 AM,6:00 PM,9.77,Parent/Guardian,Parent/Guardian
Child 0332,Fours A,08/24/2026,8:14 AM,5:02 PM,8.80,Parent/Guardian,Parent/Guardian
Child 0334,Fours A,08/24/2026,7:58 AM,5:04 PM,9.10,Parent/Guardian,Parent/Guardian
Child 0338,Fours A,08/24/2026,7:08 AM,4:08 PM,9.00,Parent/Guardian,Parent/Guardian
Child 0339,Fours A,08/24/2026,7:20 AM,4:26 PM,9.10,Parent/Guardian,Parent/Guardian
Child 0343,Fours A,08/24/2026,7:59 AM,3:07 PM,7.13,Parent/Guardian,Parent/Guardian
Child 0345,Fours B,08/24/2026,9:43 AM,5:15 PM,7.53,Parent/Guardian,Parent/Guardian
Child 0347,Fours B,08/24/2026,8:54 AM,3:55 PM,7.02,Parent/Guardian,Parent/Guardian
Child 0348,Fours B,08/24/2026,8:30 AM,3:35 PM,7.08,Parent/Guardian,Parent/Guardian
Child 0350,Fours B,08/24/2026,7:55 AM,5:00 PM,9.08,Parent/Guardian,Parent/Guardian
Child 0354,Fours B,08/24/2026,8:12 AM,4:08 PM,7.93,Parent/Guardian,Parent/Guardian
Child 0356,Fours B,08/24/2026,8:03 AM,5:02 PM,8.98,Parent/Guardian,Parent/Guardian
Child 0357,Fours B,08/24/2026,8:11 AM,4:49 PM,8.63,Parent/Guardian,Parent/Guardian
Child 0358,Fours B,08/24/2026,8:07 AM,4:42 PM,8.58,Parent/Guardian,Parent/Guardian
Child 0362,Fours B,08/24/2026,7:10 AM,4:58 PM,9.80,Parent/Guardian,Parent/Guardian
Child 0363,Fours B,08/24/2026,7:33 AM,12:48 PM,5.25,Parent/Guardian,Parent/Guardian
Child 0366,Fours B,08/24/2026,7:08 AM,3:31 PM,8.38,Parent/Guardian,Parent/Guardian
Child 0370,Fours B,08/24/2026,8:28 AM,4:40 PM,8.20,Parent/Guardian,Parent/Guardian
Child 0374,Fours B,08/24/2026,7:34 AM,5:33 PM,9.98,Parent/Guardian,Parent/Guardian
Child 0379,Fours B,08/24/2026,8:44 AM,5:11 PM,8.45,Parent/Guardian,Parent/Guardian
Child 0383,Fours B,08/24/2026,8:44 AM,5:27 PM,8.72,Parent/Guardian,Parent/Guardian
Child 0384,Fours B,08/24/2026,7:40 AM,4:27 PM,8.78,Parent/Guardian,Parent/Guardian
Child 0389,Fours B,08/24/2026,8:16 AM,6:00 PM,9.73,Parent/Guardian,Parent/Guardian
Child 0390,Fours B,08/24/2026,8:59 AM,4:45 PM,7.77,Parent/Guardian,Parent/Guardian
Child 0103,Infants A,08/25/2026,8:31 AM,4:12 PM,7.68,Parent/Guardian,Parent/Guardian
Child 0104,Infants A,08/25/2026,7:29 AM,4:49 PM,9.33,Parent/Guardian,Parent/Guardian
Child 0105,Infants A,08/25/2026,8:37 AM,5:06 PM,8.48,Parent/Guardian,Parent/Guardian
Child 0109,Infants A,08/25/2026,8:25 AM,5:09 PM,8.73,Parent/Guardian,Parent/Guardian
Child 0110,Infants A,08/25/2026,7:03 AM,4:01 PM,8.97,Parent/Guardian,Parent/Guardian
Child 0111,Infants A,08/25/2026,7:22 AM,4:47 PM,9.42,Parent/Guardian,Parent/Guardian
Child 0112,Infants A,08/25/2026,7:21 AM,4:23 PM,9.03,Parent/Guardian,Parent/Guardian
Child 0113,Infants A,08/25/2026,7:19 AM,4:26 PM,9.12,Parent/Guardian,Parent/Guardian
Child 0114,Infants A,08/25/2026,7:05 AM,4:28 PM,9.38,Parent/Guardian,Parent/Guardian
Child 0118,Infants B,08/25/2026,7:58 AM,3:24 PM,7.43,Parent/Guardian,Parent/Guardian
Child 0121,Infants B,08/25/2026,7:42 AM,6:00 PM,10.30,Parent/Guardian,Parent/Guardian
Child 0123,Infants B,08/25/2026,9:00 AM,5:32 PM,8.53,Parent/Guardian,Parent/Guardian
Child 0126,Infants B,08/25/2026,8:10 AM,4:29 PM,8.32,Parent/Guardian,Parent/Guardian
Child 0127,Infants B,08/25/2026,7:20 AM,5:09 PM,9.82,Parent/Guardian,Parent/Guardian
Child 0131,Infants B,08/25/2026,6:30 AM,5:42 PM,11.20,Parent/Guardian,Parent/Guardian
Child 0134,Infants B,08/25/2026,7:41 AM,5:43 PM,10.03,Parent/Guardian,Parent/Guardian
Child 0138,Infants B,08/25/2026,8:07 AM,5:11 PM,9.07,Parent/Guardian,Parent/Guardian
Child 0139,Ones,08/25/2026,8:50 AM,5:27 PM,8.62,Parent/Guardian,Parent/Guardian
Child 0143,Ones,08/25/2026,7:48 AM,5:30 PM,9.70,Parent/Guardian,Parent/Guardian
Child 0144,Ones,08/25/2026,8:35 AM,4:48 PM,8.22,Parent/Guardian,Parent/Guardian
Child 0148,Ones,08/25/2026,9:39 AM,5:23 PM,7.73,Parent/Guardian,Parent/Guardian
Child 0150,Ones,08/25/2026,6:52 AM,5:33 PM,10.68,Parent/Guardian,Parent/Guardian
Child 0152,Ones,08/25/2026,7:11 AM,5:16 PM,10.08,Parent/Guardian,Parent/Guardian
Child 0159,Ones,08/25/2026,7:32 AM,3:44 PM,8.20,Parent/Guardian,Parent/Guardian
Child 0160,Ones,08/25/2026,8:12 AM,6:00 PM,9.80,Parent/Guardian,Parent/Guardian
Child 0164,Ones,08/25/2026,8:10 AM,4:41 PM,8.52,Parent/Guardian,Parent/Guardian
Child 0166,Ones,08/25/2026,7:40 AM,5:10 PM,9.50,Parent/Guardian,Parent/Guardian
Child 0168,Twos A,08/25/2026,8:04 AM,4:05 PM,8.02,Parent/Guardian,Parent/Guardian
Child 0169,Twos A,08/25/2026,6:30 AM,4:59 PM,10.48,Parent/Guardian,Parent/Guardian
Child 0173,Twos A,08/25/2026,7:45 AM,4:44 PM,8.98,Parent/Guardian,Parent/Guardian
Child 0177,Twos A,08/25/2026,8:05 AM,4:59 PM,8.90,Parent/Guardian,Parent/Guardian
Child 0181,Twos A,08/25/2026,6:30 AM,4:39 PM,10.15,Parent/Guardian,Parent/Guardian
Child 0182,Twos A,08/25/2026,8:50 AM,4:21 PM,7.52,Parent/Guardian,Parent/Guardian
Child 0185,Twos A,08/25/2026,9:00 AM,4:11 PM,7.18,Parent/Guardian,Parent/Guardian
Child 0186,Twos A,08/25/2026,8:45 AM,3:01 PM,6.27,Parent/Guardian,Parent/Guardian
Child 0190,Twos A,08/25/2026,7:44 AM,5:28 PM,9.73,Parent/Guardian,Parent/Guardian
Child 0193,Twos A,08/25/2026,6:59 AM,5:29 PM,10.50,Parent/Guardian,Parent/Guardian
Child 0195,Twos A,08/25/2026,8:33 AM,4:15 PM,7.70,Parent/Guardian,Parent/Guardian
Child 0196,Twos A,08/25/2026,7:58 AM,4:15 PM,8.28,Parent/Guardian,Parent/Guardian
Child 0199,Twos A,08/25/2026,7:28 AM,5:06 PM,9.63,Parent/Guardian,Parent/Guardian
Child 0202,Twos A,08/25/2026,7:15 AM,3:31 PM,8.27,Parent/Guardian,Parent/Guardian
Child 0204,Twos B,08/25/2026,8:32 AM,3:37 PM,7.08,Parent/Guardian,Parent/Guardian
Child 0206,Twos B,08/25/2026,8:09 AM,5:36 PM,9.45,Parent/Guardian,Parent/Guardian
Child 0207,Twos B,08/25/2026,8:13 AM,3:50 PM,7.62,Parent/Guardian,Parent/Guardian
Child 0210,Twos B,08/25/2026,6:33 AM,5:28 PM,10.92,Parent/Guardian,Parent/Guardian
Child 0216,Twos B,08/25/2026,8:00 AM,6:00 PM,10.00,Parent/Guardian,Parent/Guardian
Child 0217,Twos B,08/25/2026,7:15 AM,4:41 PM,9.43,Parent/Guardian,Parent/Guardian
Child 0218,Twos B,08/25/2026,8:05 AM,4:08 PM,8.05,Parent/Guardian,Parent/Guardian
Child 0220,Twos B,08/25/2026,7:38 AM,4:36 PM,8.97,Parent/Guardian,Parent/Guardian
Child 0223,Twos B,08/25/2026,9:37 AM,4:59 PM,7.37,Parent/Guardian,Parent/Guardian
Child 0227,Twos B,08/25/2026,6:48 AM,6:00 PM,11.20,Parent/Guardian,Parent/Guardian
Child 0229,Twos B,08/25/2026,7:59 AM,4:58 PM,8.98,Parent/Guardian,Parent/Guardian
Child 0233,Twos B,08/25/2026,8:22 AM,4:17 PM,7.92,Parent/Guardian,Parent/Guardian
Child 0237,Twos B,08/25/2026,7:37 AM,4:03 PM,8.43,Parent/Guardian,Parent/Guardian
Child 0239,Threes,08/25/2026,8:54 AM,4:28 PM,7.57,Parent/Guardian,Parent/Guardian
Child 0241,Threes,08/25/2026,6:55 AM,5:58 PM,11.05,Parent/Guardian,Parent/Guardian
Child 0244,Threes,08/25/2026,8:07 AM,5:54 PM,9.78,Parent/Guardian,Parent/Guardian
Child 0248,Threes,08/25/2026,8:25 AM,4:32 PM,8.12,Parent/Guardian,Parent/Guardian
Child 0252,Threes,08/25/2026,8:58 AM,11:59 AM,3.02,Parent/Guardian,Parent/Guardian
Child 0253,Threes,08/25/2026,8:59 AM,4:22 PM,7.38,Parent/Guardian,Parent/Guardian
Child 0255,Threes,08/25/2026,8:22 AM,5:14 PM,8.87,Parent/Guardian,Parent/Guardian
Child 0258,Threes,08/25/2026,7:43 AM,4:00 PM,8.28,Parent/Guardian,Parent/Guardian
Child 0259,Threes,08/25/2026,8:07 AM,5:18 PM,9.18,Parent/Guardian,Parent/Guardian
Child 0260,Threes,08/25/2026,8:12 AM,3:17 PM,7.08,Parent/Guardian,Parent/Guardian
Child 0262,Threes,08/25/2026,7:47 AM,4:07 PM,8.33,Parent/Guardian,Parent/Guardian
Child 0264,Threes,08/25/2026,7:40 AM,3:04 PM,7.40,Parent/Guardian,Parent/Guardian
Child 0266,Threes,08/25/2026,8:21 AM,12:33 PM,4.20,Parent/Guardian,Parent/Guardian
Child 0267,Threes,08/25/2026,7:50 AM,4:09 PM,8.32,Parent/Guardian,Parent/Guardian
Child 0268,Threes,08/25/2026,8:07 AM,5:01 PM,8.90,Parent/Guardian,Parent/Guardian
Child 0270,Threes,08/25/2026,7:43 AM,5:16 PM,9.55,Parent/Guardian,Parent/Guardian
Child 0271,Threes,08/25/2026,7:33 AM,5:47 PM,10.23,Parent/Guardian,Parent/Guardian
Child 0273,Threes,08/25/2026,7:39 AM,2:42 PM,7.05,Parent/Guardian,Parent/Guardian
Child 0276,Threes,08/25/2026,7:45 AM,1:00 PM,5.25,Parent/Guardian,Parent/Guardian
Child 0281,Threes,08/25/2026,9:18 AM,5:57 PM,8.65,Parent/Guardian,Parent/Guardian
Child 0282,Threes,08/25/2026,7:54 AM,5:17 PM,9.38,Parent/Guardian,Parent/Guardian
Child 0284,Fours A,08/25/2026,8:36 AM,3:23 PM,6.78,Parent/Guardian,Parent/Guardian
Child 0288,Fours A,08/25/2026,8:56 AM,6:00 PM,9.07,Parent/Guardian,Parent/Guardian
Child 0289,Fours A,08/25/2026,7:39 AM,6:00 PM,10.35,Parent/Guardian,Parent/Guardian
Child 0292,Fours A,08/25/2026,8:42 AM,3:58 PM,7.27,Parent/Guardian,Parent/Guardian
Child 0294,Fours A,08/25/2026,9:28 AM,5:24 PM,7.93,Parent/Guardian,Parent/Guardian
Child 0298,Fours A,08/25/2026,8:12 AM,12:16 PM,4.07,Parent/Guardian,Parent/Guardian
Child 0300,Fours A,08/25/2026,9:46 AM,4:09 PM,6.38,Parent/Guardian,Parent/Guardian
Child 0303,Fours A,08/25/2026,7:08 AM,4:02 PM,8.90,Parent/Guardian,Parent/Guardian
Child 0305,Fours A,08/25/2026,7:41 AM,6:00 PM,10.32,Parent/Guardian,Parent/Guardian
Child 0306,Fours A,08/25/2026,7:54 AM,4:12 PM,8.30,Parent/Guardian,Parent/Guardian
Child 0310,Fours A,08/25/2026,9:10 AM,5:03 PM,7.88,Parent/Guardian,Parent/Guardian
Child 0314,Fours A,08/25/2026,8:25 AM,4:31 PM,8.10,Parent/Guardian,Parent/Guardian
Child 0322,Fours A,08/25/2026,7:58 AM,5:09 PM,9.18,Parent/Guardian,Parent/Guardian
Child 0325,Fours A,08/25/2026,7:11 AM,12:15 PM,5.07,Parent/Guardian,Parent/Guardian
Child 0328,Fours A,08/25/2026,7:28 AM,4:29 PM,9.02,Parent/Guardian,Parent/Guardian
Child 0331,Fours A,08/25/2026,8:16 AM,5:39 PM,9.38,Parent/Guardian,Parent/Guardian
Child 0332,Fours A,08/25/2026,7:40 AM,5:25 PM,9.75,Parent/Guardian,Parent/Guardian
Child 0334,Fours A,08/25/2026,8:01 AM,4:41 PM,8.67,Parent/Guardian,Parent/Guardian
Child 0338,Fours A,08/25/2026,7:35 AM,4:17 PM,8.70,Parent/Guardian,Parent/Guardian
Child 0339,Fours A,08/25/2026,7:18 AM,4:18 PM,9.00,Parent/Guardian,Parent/Guardian
Child 0343,Fours A,08/25/2026,8:27 AM,3:41 PM,7.23,Parent/Guardian,Parent/Guardian
Child 0345,Fours B,08/25/2026,9:08 AM,5:00 PM,7.87,Parent/Guardian,Parent/Guardian
Child 0347,Fours B,08/25/2026,8:37 AM,4:32 PM,7.92,Parent/Guardian,Parent/Guardian
Child 0348,Fours B,08/25/2026,8:11 AM,3:32 PM,7.35,Parent/Guardian,Parent/Guardian
Child 0350,Fours B,08/25/2026,8:28 AM,4:59 PM,8.52,Parent/Guardian,Parent/Guardian
Child 0354,Fours B,08/25/2026,8:19 AM,4:11 PM,7.87,Parent/Guardian,Parent/Guardian
Child 0356,Fours B,08/25/2026,7:52 AM,5:20 PM,9.47,Parent/Guardian,Parent/Guardian
Child 0357,Fours B,08/25/2026,8:13 AM,4:32 PM,8.32,Parent/Guardian,Parent/Guardian
Child 0358,Fours B,08/25/2026,8:35 AM,4:12 PM,7.62,Parent/Guardian,Parent/Guardian
Child 0363,Fours B,08/25/2026,7:15 AM,12:31 PM,5.27,Parent/Guardian,Parent/Guardian
Child 0366,Fours B,08/25/2026,7:30 AM,3:45 PM,8.25,Parent/Guardian,Parent/Guardian
Child 0370,Fours B,08/25/2026,8:06 AM,4:39 PM,8.55,Parent/Guardian,Parent/Guardian
Child 0374,Fours B,08/25/2026,8:07 AM,5:50 PM,9.72,Parent/Guardian,Parent/Guardian
Child 0375,Fours B,08/25/2026,8:50 AM,4:43 PM,7.88,Parent/Guardian,Parent/Guardian
Child 0379,Fours B,08/25/2026,8:32 AM,5:01 PM,8.48,Parent/Guardian,Parent/Guardian
Child 0383,Fours B,08/25/2026,8:56 AM,4:39 PM,7.72,Parent/Guardian,Parent/Guardian
Child 0384,Fours B,08/25/2026,7:56 AM,5:04 PM,9.13,Parent/Guardian,Parent/Guardian
Child 0386,Fours B,08/25/2026,7:10 AM,4:28 PM,9.30,Parent/Guardian,Parent/Guardian
Child 0389,Fours B,08/25/2026,8:10 AM,5:43 PM,9.55,Parent/Guardian,Parent/Guardian
Child 0390,Fours B,08/25/2026,8:42 AM,4:39 PM,7.95,Parent/Guardian,Parent/Guardian
Child 0103,Infants A,08/26/2026,8:29 AM,4:43 PM,8.23,Parent/Guardian,Parent/Guardian
Child 0104,Infants A,08/26/2026,7:43 AM,4:56 PM,9.22,Parent/Guardian,Parent/Guardian
Child 0105,Infants A,08/26/2026,8:42 AM,5:14 PM,8.53,Parent/Guardian,Parent/Guardian
Child 0109,Infants A,08/26/2026,8:31 AM,5:00 PM,8.48,Parent/Guardian,Parent/Guardian
Child 0110,Infants A,08/26/2026,7:48 AM,4:38 PM,8.83,Parent/Guardian,Parent/Guardian
Child 0111,Infants A,08/26/2026,8:03 AM,5:05 PM,9.03,Parent/Guardian,Parent/Guardian
Child 0113,Infants A,08/26/2026,7:18 AM,4:18 PM,9.00,Parent/Guardian,Parent/Guardian
Child 0114,Infants A,08/26/2026,6:58 AM,4:11 PM,9.22,Parent/Guardian,Parent/Guardian
Child 0121,Infants B,08/26/2026,7:54 AM,5:28 PM,9.57,Parent/Guardian,Parent/Guardian
Child 0123,Infants B,08/26/2026,8:52 AM,5:03 PM,8.18,Parent/Guardian,Parent/Guardian
Child 0126,Infants B,08/26/2026,7:56 AM,4:18 PM,8.37,Parent/Guardian,Parent/Guardian
Child 0127,Infants B,08/26/2026,7:45 AM,4:49 PM,9.07,Parent/Guardian,Parent/Guardian
Child 0134,Infants B,08/26/2026,8:00 AM,5:33 PM,9.55,Parent/Guardian,Parent/Guardian
Child 0139,Ones,08/26/2026,8:56 AM,5:19 PM,8.38,Parent/Guardian,Parent/Guardian
Child 0143,Ones,08/26/2026,7:49 AM,5:46 PM,9.95,Parent/Guardian,Parent/Guardian
Child 0144,Ones,08/26/2026,8:54 AM,4:33 PM,7.65,Parent/Guardian,Parent/Guardian
Child 0148,Ones,08/26/2026,8:50 AM,5:26 PM,8.60,Parent/Guardian,Parent/Guardian
Child 0150,Ones,08/26/2026,7:00 AM,6:00 PM,11.00,Parent/Guardian,Parent/Guardian
Child 0152,Ones,08/26/2026,7:20 AM,4:37 PM,9.28,Parent/Guardian,Parent/Guardian
Child 0156,Ones,08/26/2026,8:22 AM,4:40 PM,8.30,Parent/Guardian,Parent/Guardian
Child 0160,Ones,08/26/2026,8:08 AM,4:33 PM,8.42,Parent/Guardian,Parent/Guardian
Child 0164,Ones,08/26/2026,8:09 AM,4:19 PM,8.17,Parent/Guardian,Parent/Guardian
Child 0166,Ones,08/26/2026,7:45 AM,5:16 PM,9.52,Parent/Guardian,Parent/Guardian
Child 0168,Twos A,08/26/2026,7:25 AM,3:51 PM,8.43,Parent/Guardian,Parent/Guardian
Child 0169,Twos A,08/26/2026,6:35 AM,5:00 PM,10.42,Parent/Guardian,Parent/Guardian
Child 0173,Twos A,08/26/2026,7:10 AM,5:20 PM,10.17,Parent/Guardian,Parent/Guardian
Child 0177,Twos A,08/26/2026,8:05 AM,5:12 PM,9.12,Parent/Guardian,Parent/Guardian
Child 0179,Twos A,08/26/2026,8:51 AM,5:05 PM,8.23,Parent/Guardian,Parent/Guardian
Child 0181,Twos A,08/26/2026,6:30 AM,4:29 PM,9.98,Parent/Guardian,Parent/Guardian
Child 0185,Twos A,08/26/2026,8:40 AM,4:09 PM,7.48,Parent/Guardian,Parent/Guardian
Child 0186,Twos A,08/26/2026,9:18 AM,2:33 PM,5.25,Parent/Guardian,Parent/Guardian
Child 0190,Twos A,08/26/2026,7:52 AM,5:01 PM,9.15,Parent/Guardian,Parent/Guardian
Child 0193,Twos A,08/26/2026,7:06 AM,4:48 PM,9.70,Parent/Guardian,Parent/Guardian
Child 0195,Twos A,08/26/2026,8:04 AM,4:08 PM,8.07,Parent/Guardian,Parent/Guardian
Child 0196,Twos A,08/26/2026,8:02 AM,3:57 PM,7.92,Parent/Guardian,Parent/Guardian
Child 0197,Twos A,08/26/2026,7:55 AM,4:29 PM,8.57,Parent/Guardian,Parent/Guardian
Child 0199,Twos A,08/26/2026,7:52 AM,5:33 PM,9.68,Parent/Guardian,Parent/Guardian
Child 0202,Twos A,08/26/2026,7:46 AM,3:53 PM,8.12,Parent/Guardian,Parent/Guardian
Child 0204,Twos B,08/26/2026,8:34 AM,3:24 PM,6.83,Parent/Guardian,Parent/Guardian
Child 0206,Twos B,08/26/2026,8:22 AM,5:27 PM,9.08,Parent/Guardian,Parent/Guardian
Child 0207,Twos B,08/26/2026,8:07 AM,3:46 PM,7.65,Parent/Guardian,Parent/Guardian
Child 0210,Twos B,08/26/2026,6:30 AM,5:08 PM,10.63,Parent/Guardian,Parent/Guardian
Child 0213,Twos B,08/26/2026,8:11 AM,4:49 PM,8.63,Parent/Guardian,Parent/Guardian
Child 0216,Twos B,08/26/2026,8:10 AM,5:52 PM,9.70,Parent/Guardian,Parent/Guardian
Child 0217,Twos B,08/26/2026,7:01 AM,4:49 PM,9.80,Parent/Guardian,Parent/Guardian
Child 0218,Twos B,08/26/2026,8:16 AM,4:30 PM,8.23,Parent/Guardian,Parent/Guardian
Child 0220,Twos B,08/26/2026,7:26 AM,4:36 PM,9.17,Parent/Guardian,Parent/Guardian
Child 0223,Twos B,08/26/2026,9:25 AM,5:35 PM,8.17,Parent/Guardian,Parent/Guardian
Child 0227,Twos B,08/26/2026,6:50 AM,5:53 PM,11.05,Parent/Guardian,Parent/Guardian
Child 0229,Twos B,08/26/2026,8:04 AM,5:07 PM,9.05,Parent/Guardian,Parent/Guardian
Child 0233,Twos B,08/26/2026,8:07 AM,4:38 PM,8.52,Parent/Guardian,Parent/Guardian
Child 0237,Twos B,08/26/2026,7:25 AM,4:12 PM,8.78,Parent/Guardian,Parent/Guardian
Child 0239,Threes,08/26/2026,9:31 AM,5:28 PM,7.95,Parent/Guardian,Parent/Guardian
Child 0241,Threes,08/26/2026,6:51 AM,4:53 PM,10.03,Parent/Guardian,Parent/Guardian
Child 0244,Threes,08/26/2026,8:08 AM,5:44 PM,9.60,Parent/Guardian,Parent/Guardian
Child 0248,Threes,08/26/2026,8:19 AM,4:33 PM,8.23,Parent/Guardian,Parent/Guardian
Child 0252,Threes,08/26/2026,8:37 AM,12:23 PM,3.77,Parent/Guardian,Parent/Guardian
Child 0253,Threes,08/26/2026,8:59 AM,4:09 PM,7.17,Parent/Guardian,Parent/Guardian
Child 0258,Threes,08/26/2026,7:35 AM,3:56 PM,8.35,Parent/Guardian,Parent/Guardian
Child 0259,Threes,08/26/2026,8:03 AM,5:21 PM,9.30,Parent/Guardian,Parent/Guardian
Child 0260,Threes,08/26/2026,7:55 AM,3:20 PM,7.42,Parent/Guardian,Parent/Guardian
Child 0264,Threes,08/26/2026,7:35 AM,3:15 PM,7.67,Parent/Guardian,Parent/Guardian
Child 0266,Threes,08/26/2026,8:28 AM,12:23 PM,3.92,Parent/Guardian,Parent/Guardian
Child 0267,Threes,08/26/2026,7:47 AM,4:07 PM,8.33,Parent/Guardian,Parent/Guardian
Child 0268,Threes,08/26/2026,8:13 AM,4:39 PM,8.43,Parent/Guardian,Parent/Guardian
Child 0270,Threes,08/26/2026,8:08 AM,5:15 PM,9.12,Parent/Guardian,Parent/Guardian
Child 0271,Threes,08/26/2026,6:56 AM,5:12 PM,10.27,Parent/Guardian,Parent/Guardian
Child 0273,Threes,08/26/2026,7:19 AM,2:44 PM,7.42,Parent/Guardian,Parent/Guardian
Child 0276,Threes,08/26/2026,7:52 AM,1:17 PM,5.42,Parent/Guardian,Parent/Guardian
Child 0280,Threes,08/26/2026,8:02 AM,4:09 PM,8.12,Parent/Guardian,Parent/Guardian
Child 0281,Threes,08/26/2026,9:10 AM,6:00 PM,8.83,Parent/Guardian,Parent/Guardian
Child 0282,Threes,08/26/2026,8:02 AM,5:15 PM,9.22,Parent/Guardian,Parent/Guardian
Child 0284,Fours A,08/26/2026,8:14 AM,3:22 PM,7.13,Parent/Guardian,Parent/Guardian
Child 0288,Fours A,08/26/2026,9:00 AM,6:00 PM,9.00,Parent/Guardian,Parent/Guardian
Child 0289,Fours A,08/26/2026,7:39 AM,5:50 PM,10.18,Parent/Guardian,Parent/Guardian
Child 0292,Fours A,08/26/2026,9:00 AM,4:24 PM,7.40,Parent/Guardian,Parent/Guardian
Child 0294,Fours A,08/26/2026,9:07 AM,5:25 PM,8.30,Parent/Guardian,Parent/Guardian
Child 0298,Fours A,08/26/2026,8:23 AM,12:23 PM,4.00,Parent/Guardian,Parent/Guardian
Child 0300,Fours A,08/26/2026,9:43 AM,3:50 PM,6.12,Parent/Guardian,Parent/Guardian
Child 0303,Fours A,08/26/2026,7:26 AM,4:24 PM,8.97,Parent/Guardian,Parent/Guardian
Child 0305,Fours A,08/26/2026,7:40 AM,5:56 PM,10.27,Parent/Guardian,Parent/Guardian
Child 0306,Fours A,08/26/2026,7:59 AM,4:14 PM,8.25,Parent/Guardian,Parent/Guardian
Child 0314,Fours A,08/26/2026,8:32 AM,4:34 PM,8.03,Parent/Guardian,Parent/Guardian
Child 0319,Fours A,08/26/2026,8:57 AM,12:43 PM,3.77,Parent/Guardian,Parent/Guardian
Child 0322,Fours A,08/26/2026,7:47 AM,4:54 PM,9.12,Parent/Guardian,Parent/Guardian
Child 0325,Fours A,08/26/2026,7:31 AM,12:18 PM,4.78,Parent/Guardian,Parent/Guardian
Child 0328,Fours A,08/26/2026,7:32 AM,5:17 PM,9.75,Parent/Guardian,Parent/Guardian
Child 0331,Fours A,08/26/2026,8:11 AM,6:00 PM,9.82,Parent/Guardian,Parent/Guardian
Child 0332,Fours A,08/26/2026,7:35 AM,5:19 PM,9.73,Parent/Guardian,Parent/Guardian
Child 0334,Fours A,08/26/2026,7:58 AM,4:58 PM,9.00,Parent/Guardian,Parent/Guardian
Child 0338,Fours A,08/26/2026,7:30 AM,4:32 PM,9.03,Parent/Guardian,Parent/Guardian
Child 0339,Fours A,08/26/2026,7:23 AM,4:05 PM,8.70,Parent/Guardian,Parent/Guardian
Child 0343,Fours A,08/26/2026,8:02 AM,3:14 PM,7.20,Parent/Guardian,Parent/Guardian
Child 0345,Fours B,08/26/2026,9:16 AM,5:36 PM,8.33,Parent/Guardian,Parent/Guardian
Child 0347,Fours B,08/26/2026,9:01 AM,3:52 PM,6.85,Parent/Guardian,Parent/Guardian
Child 0348,Fours B,08/26/2026,8:27 AM,3:33 PM,7.10,Parent/Guardian,Parent/Guardian
Child 0350,Fours B,08/26/2026,8:02 AM,4:58 PM,8.93,Parent/Guardian,Parent/Guardian
Child 0354,Fours B,08/26/2026,8:34 AM,4:03 PM,7.48,Parent/Guardian,Parent/Guardian
Child 0356,Fours B,08/26/2026,7:53 AM,4:34 PM,8.68,Parent/Guardian,Parent/Guardian
Child 0357,Fours B,08/26/2026,8:10 AM,4:10 PM,8.00,Parent/Guardian,Parent/Guardian
Child 0358,Fours B,08/26/2026,8:23 AM,4:36 PM,8.22,Parent/Guardian,Parent/Guardian
Child 0362,Fours B,08/26/2026,7:35 AM,4:32 PM,8.95,Parent/Guardian,Parent/Guardian
Child 0363,Fours B,08/26/2026,7:15 AM,12:12 PM,4.95,Parent/Guardian,Parent/Guardian
Child 0366,Fours B,08/26/2026,7:16 AM,3:50 PM,8.57,Parent/Guardian,Parent/Guardian
Child 0374,Fours B,08/26/2026,7:51 AM,6:00 PM,10.15,Parent/Guardian,Parent/Guardian
Child 0375,Fours B,08/26/2026,8:55 AM,4:57 PM,8.03,Parent/Guardian,Parent/Guardian
Child 0379,Fours B,08/26/2026,8:41 AM,4:46 PM,8.08,Parent/Guardian,Parent/Guardian
Child 0383,Fours B,08/26/2026,8:43 AM,5:00 PM,8.28,Parent/Guardian,Parent/Guardian
Child 0384,Fours B,08/26/2026,7:51 AM,4:41 PM,8.83,Parent/Guardian,Parent/Guardian
Child 0386,Fours B,08/26/2026,7:19 AM,4:32 PM,9.22,Parent/Guardian,Parent/Guardian
Child 0389,Fours B,08/26/2026,8:22 AM,6:00 PM,9.63,Parent/Guardian,Parent/Guardian
Child 0390,Fours B,08/26/2026,9:02 AM,3:58 PM,6.93,Parent/Guardian,Parent/Guardian
Child 0104,Infants A,08/27/2026,7:48 AM,5:14 PM,9.43,Parent/Guardian,Parent/Guardian
Child 0105,Infants A,08/27/2026,8:36 AM,5:04 PM,8.47,Parent/Guardian,Parent/Guardian
Child 0109,Infants A,08/27/2026,8:50 AM,4:45 PM,7.92,Parent/Guardian,Parent/Guardian
Child 0110,Infants A,08/27/2026,7:15 AM,4:22 PM,9.12,Parent/Guardian,Parent/Guardian
Child 0111,Infants A,08/27/2026,7:40 AM,4:42 PM,9.03,Parent/Guardian,Parent/Guardian
Child 0112,Infants A,08/27/2026,7:19 AM,4:35 PM,9.27,Parent/Guardian,Parent/Guardian
Child 0113,Infants A,08/27/2026,7:02 AM,4:32 PM,9.50,Parent/Guardian,Parent/Guardian
Child 0114,Infants A,08/27/2026,7:05 AM,4:30 PM,9.42,Parent/Guardian,Parent/Guardian
Child 0118,Infants B,08/27/2026,8:14 AM,3:37 PM,7.38,Parent/Guardian,Parent/Guardian
Child 0121,Infants B,08/27/2026,7:38 AM,5:52 PM,10.23,Parent/Guardian,Parent/Guardian
Child 0123,Infants B,08/27/2026,8:26 AM,5:11 PM,8.75,Parent/Guardian,Parent/Guardian
Child 0126,Infants B,08/27/2026,7:44 AM,4:05 PM,8.35,Parent/Guardian,Parent/Guardian
Child 0127,Infants B,08/27/2026,7:16 AM,5:02 PM,9.77,Parent/Guardian,Parent/Guardian
Child 0131,Infants B,08/27/2026,6:30 AM,5:20 PM,10.83,Parent/Guardian,Parent/Guardian
Child 0134,Infants B,08/27/2026,7:37 AM,5:19 PM,9.70,Parent/Guardian,Parent/Guardian
Child 0138,Infants B,08/27/2026,8:02 AM,4:35 PM,8.55,Parent/Guardian,Parent/Guardian
Child 0139,Ones,08/27/2026,8:57 AM,5:23 PM,8.43,Parent/Guardian,Parent/Guardian
Child 0143,Ones,08/27/2026,7:56 AM,5:43 PM,9.78,Parent/Guardian,Parent/Guardian
Child 0144,Ones,08/27/2026,8:30 AM,4:44 PM,8.23,Parent/Guardian,Parent/Guardian
Child 0148,Ones,08/27/2026,9:12 AM,5:20 PM,8.13,Parent/Guardian,Parent/Guardian
Child 0152,Ones,08/27/2026,6:38 AM,4:52 PM,10.23,Parent/Guardian,Parent/Guardian
Child 0159,Ones,08/27/2026,7:35 AM,4:07 PM,8.53,Parent/Guardian,Parent/Guardian
Child 0160,Ones,08/27/2026,8:16 AM,5:22 PM,9.10,Parent/Guardian,Parent/Guardian
Child 0164,Ones,08/27/2026,8:09 AM,4:15 PM,8.10,Parent/Guardian,Parent/Guardian
Child 0166,Ones,08/27/2026,7:32 AM,5:15 PM,9.72,Parent/Guardian,Parent/Guardian
Child 0168,Twos A,08/27/2026,7:55 AM,3:59 PM,8.07,Parent/Guardian,Parent/Guardian
Child 0169,Twos A,08/27/2026,6:54 AM,5:26 PM,10.53,Parent/Guardian,Parent/Guardian
Child 0173,Twos A,08/27/2026,7:23 AM,5:07 PM,9.73,Parent/Guardian,Parent/Guardian
Child 0177,Twos A,08/27/2026,8:16 AM,4:38 PM,8.37,Parent/Guardian,Parent/Guardian
Child 0179,Twos A,08/27/2026,8:43 AM,5:23 PM,8.67,Parent/Guardian,Parent/Guardian
Child 0181,Twos A,08/27/2026,6:36 AM,4:30 PM,9.90,Parent/Guardian,Parent/Guardian
Child 0182,Twos A,08/27/2026,8:43 AM,4:17 PM,7.57,Parent/Guardian,Parent/Guardian
Child 0185,Twos A,08/27/2026,8:53 AM,4:13 PM,7.33,Parent/Guardian,Parent/Guardian
Child 0186,Twos A,08/27/2026,9:02 AM,3:26 PM,6.40,Parent/Guardian,Parent/Guardian
Child 0190,Twos A,08/27/2026,8:12 AM,5:18 PM,9.10,Parent/Guardian,Parent/Guardian
Child 0193,Twos A,08/27/2026,6:51 AM,4:58 PM,10.12,Parent/Guardian,Parent/Guardian
Child 0195,Twos A,08/27/2026,8:47 AM,4:23 PM,7.60,Parent/Guardian,Parent/Guardian
Child 0196,Twos A,08/27/2026,7:54 AM,3:50 PM,7.93,Parent/Guardian,Parent/Guardian
Child 0197,Twos A,08/27/2026,8:14 AM,4:17 PM,8.05,Parent/Guardian,Parent/Guardian
Child 0199,Twos A,08/27/2026,7:31 AM,5:13 PM,9.70,Parent/Guardian,Parent/Guardian
Child 0202,Twos A,08/27/2026,7:20 AM,3:59 PM,8.65,Parent/Guardian,Parent/Guardian
Child 0204,Twos B,08/27/2026,8:36 AM,3:36 PM,7.00,Parent/Guardian,Parent/Guardian
Child 0206,Twos B,08/27/2026,7:55 AM,5:07 PM,9.20,Parent/Guardian,Parent/Guardian
Child 0207,Twos B,08/27/2026,8:15 AM,3:44 PM,7.48,Parent/Guardian,Parent/Guardian
Child 0210,Twos B,08/27/2026,6:30 AM,5:24 PM,10.90,Parent/Guardian,Parent/Guardian
Child 0213,Twos B,08/27/2026,8:14 AM,5:04 PM,8.83,Parent/Guardian,Parent/Guardian
Child 0216,Twos B,08/27/2026,8:20 AM,5:28 PM,9.13,Parent/Guardian,Parent/Guardian
Child 0217,Twos B,08/27/2026,6:49 AM,5:12 PM,10.38,Parent/Guardian,Parent/Guardian
Child 0220,Twos B,08/27/2026,7:34 AM,4:33 PM,8.98,Parent/Guardian,Parent/Guardian
Child 0223,Twos B,08/27/2026,9:19 AM,5:42 PM,8.38,Parent/Guardian,Parent/Guardian
Child 0227,Twos B,08/27/2026,6:47 AM,5:29 PM,10.70,Parent/Guardian,Parent/Guardian
Child 0229,Twos B,08/27/2026,8:10 AM,5:09 PM,8.98,Parent/Guardian,Parent/Guardian
Child 0233,Twos B,08/27/2026,8:19 AM,4:12 PM,7.88,Parent/Guardian,Parent/Guardian
Child 0241,Threes,08/27/2026,6:39 AM,5:13 PM,10.57,Parent/Guardian,Parent/Guardian
Child 0244,Threes,08/27/2026,8:12 AM,5:28 PM,9.27,Parent/Guardian,Parent/Guardian
Child 0248,Threes,08/27/2026,8:15 AM,4:32 PM,8.28,Parent/Guardian,Parent/Guardian
Child 0252,Threes,08/27/2026,8:42 AM,11:51 AM,3.15,Parent/Guardian,Parent/Guardian
Child 0253,Threes,08/27/2026,8:39 AM,3:59 PM,7.33,Parent/Guardian,Parent/Guardian
Child 0255,Threes,08/27/2026,7:57 AM,5:12 PM,9.25,Parent/Guardian,Parent/Guardian
Child 0258,Threes,08/27/2026,7:27 AM,4:01 PM,8.57,Parent/Guardian,Parent/Guardian
Child 0259,Threes,08/27/2026,8:09 AM,5:41 PM,9.53,Parent/Guardian,Parent/Guardian
Child 0260,Threes,08/27/2026,7:54 AM,3:21 PM,7.45,Parent/Guardian,Parent/Guardian
Child 0262,Threes,08/27/2026,7:25 AM,4:44 PM,9.32,Parent/Guardian,Parent/Guardian
Child 0264,Threes,08/27/2026,7:43 AM,3:12 PM,7.48,Parent/Guardian,Parent/Guardian
Child 0266,Threes,08/27/2026,8:12 AM,12:43 PM,4.52,Parent/Guardian,Parent/Guardian
Child 0267,Threes,08/27/2026,7:21 AM,4:30 PM,9.15,Parent/Guardian,Parent/Guardian
Child 0268,Threes,08/27/2026,8:15 AM,4:41 PM,8.43,Parent/Guardian,Parent/Guardian
Child 0270,Threes,08/27/2026,7:46 AM,5:36 PM,9.83,Parent/Guardian,Parent/Guardian
Child 0271,Threes,08/27/2026,7:32 AM,5:17 PM,9.75,Parent/Guardian,Parent/Guardian
Child 0273,Threes,08/27/2026,7:40 AM,2:12 PM,6.53,Parent/Guardian,Parent/Guardian
Child 0276,Threes,08/27/2026,7:52 AM,12:30 PM,4.63,Parent/Guardian,Parent/Guardian
Child 0280,Threes,08/27/2026,8:12 AM,4:09 PM,7.95,Parent/Guardian,Parent/Guardian
Child 0281,Threes,08/27/2026,9:08 AM,6:00 PM,8.87,Parent/Guardian,Parent/Guardian
Child 0282,Threes,08/27/2026,7:57 AM,4:40 PM,8.72,Parent/Guardian,Parent/Guardian
Child 0288,Fours A,08/27/2026,8:53 AM,5:37 PM,8.73,Parent/Guardian,Parent/Guardian
Child 0289,Fours A,08/27/2026,7:47 AM,5:48 PM,10.02,Parent/Guardian,Parent/Guardian
Child 0292,Fours A,08/27/2026,8:41 AM,4:24 PM,7.72,Parent/Guardian,Parent/Guardian
Child 0294,Fours A,08/27/2026,9:09 AM,5:38 PM,8.48,Parent/Guardian,Parent/Guardian
Child 0298,Fours A,08/27/2026,8:17 AM,12:02 PM,3.75,Parent/Guardian,Parent/Guardian
Child 0300,Fours A,08/27/2026,9:46 AM,4:13 PM,6.45,Parent/Guardian,Parent/Guardian
Child 0303,Fours A,08/27/2026,7:25 AM,4:07 PM,8.70,Parent/Guardian,Parent/Guardian
Child 0306,Fours A,08/27/2026,8:03 AM,4:03 PM,8.00,Parent/Guardian,Parent/Guardian
Child 0310,Fours A,08/27/2026,8:51 AM,5:40 PM,8.82,Parent/Guardian,Parent/Guardian
Child 0314,Fours A,08/27/2026,8:05 AM,4:52 PM,8.78,Parent/Guardian,Parent/Guardian
Child 0316,Fours A,08/27/2026,8:59 AM,3:50 PM,6.85,Parent/Guardian,Parent/Guardian
Child 0319,Fours A,08/27/2026,9:25 AM,1:07 PM,3.70,Parent/Guardian,Parent/Guardian
Child 0322,Fours A,08/27/2026,7:55 AM,4:56 PM,9.02,Parent/Guardian,Parent/Guardian
Child 0325,Fours A,08/27/2026,7:26 AM,12:24 PM,4.97,Parent/Guardian,Parent/Guardian
Child 0328,Fours A,08/27/2026,7:30 AM,4:58 PM,9.47,Parent/Guardian,Parent/Guardian
Child 0331,Fours A,08/27/2026,7:59 AM,6:00 PM,10.02,Parent/Guardian,Parent/Guardian
Child 0334,Fours A,08/27/2026,7:23 AM,4:51 PM,9.47,Parent/Guardian,Parent/Guardian
Child 0338,Fours A,08/27/2026,7:34 AM,4:19 PM,8.75,Parent/Guardian,Parent/Guardian
Child 0339,Fours A,08/27/2026,7:14 AM,4:21 PM,9.12,Parent/Guardian,Parent/Guardian
Child 0343,Fours A,08/27/2026,8:12 AM,3:32 PM,7.33,Parent/Guardian,Parent/Guardian
Child 0345,Fours B,08/27/2026,9:22 AM,5:18 PM,7.93,Parent/Guardian,Parent/Guardian
Child 0347,Fours B,08/27/2026,8:45 AM,3:39 PM,6.90,Parent/Guardian,Parent/Guardian
Child 0348,Fours B,08/27/2026,8:44 AM,3:52 PM,7.13,Parent/Guardian,Parent/Guardian
Child 0350,Fours B,08/27/2026,8:06 AM,4:45 PM,8.65,Parent/Guardian,Parent/Guardian
Child 0354,Fours B,08/27/2026,8:09 AM,4:03 PM,7.90,Parent/Guardian,Parent/Guardian
Child 0356,Fours B,08/27/2026,7:41 AM,5:03 PM,9.37,Parent/Guardian,Parent/Guardian
Child 0357,Fours B,08/27/2026,7:42 AM,5:00 PM,9.30,Parent/Guardian,Parent/Guardian
Child 0358,Fours B,08/27/2026,8:37 AM,4:45 PM,8.13,Parent/Guardian,Parent/Guardian
Child 0362,Fours B,08/27/2026,7:08 AM,4:51 PM,9.72,Parent/Guardian,Parent/Guardian
Child 0363,Fours B,08/27/2026,7:20 AM,12:22 PM,5.03,Parent/Guardian,Parent/Guardian
Child 0366,Fours B,08/27/2026,7:07 AM,3:48 PM,8.68,Parent/Guardian,Parent/Guardian
Child 0370,Fours B,08/27/2026,8:25 AM,5:06 PM,8.68,Parent/Guardian,Parent/Guardian
Child 0374,Fours B,08/27/2026,7:45 AM,5:27 PM,9.70,Parent/Guardian,Parent/Guardian
Child 0375,Fours B,08/27/2026,8:54 AM,4:41 PM,7.78,Parent/Guardian,Parent/Guardian
Child 0379,Fours B,08/27/2026,8:58 AM,4:56 PM,7.97,Parent/Guardian,Parent/Guardian
Child 0383,Fours B,08/27/2026,8:33 AM,5:07 PM,8.57,Parent/Guardian,Parent/Guardian
Child 0384,Fours B,08/27/2026,8:05 AM,4:33 PM,8.47,Parent/Guardian,Parent/Guardian
Child 0389,Fours B,08/27/2026,7:51 AM,5:43 PM,9.87,Parent/Guardian,Parent/Guardian
Child 0390,Fours B,08/27/2026,8:50 AM,3:55 PM,7.08,Parent/Guardian,Parent/Guardian
Child 0103,Infants A,08/28/2026,8:46 AM,4:31 PM,7.75,Parent/Guardian,Parent/Guardian
Child 0104,Infants A,08/28/2026,7:59 AM,4:46 PM,8.78,Parent/Guardian,Parent/Guardian
Child 0109,Infants A,08/28/2026,8:54 AM,4:33 PM,7.65,Parent/Guardian,Parent/Guardian
Child 0110,Infants A,08/28/2026,7:11 AM,4:29 PM,9.30,Parent/Guardian,Parent/Guardian
Child 0111,Infants A,08/28/2026,7:52 AM,4:35 PM,8.72,Parent/Guardian,Parent/Guardian
Child 0112,Infants A,08/28/2026,7:22 AM,3:54 PM,8.53,Parent/Guardian,Parent/Guardian
Child 0113,Infants A,08/28/2026,6:58 AM,3:22 PM,8.40,Parent/Guardian,Parent/Guardian
Child 0114,Infants A,08/28/2026,7:24 AM,4:00 PM,8.60,Parent/Guardian,Parent/Guardian
Child 0118,Infants B,08/28/2026,8:00 AM,3:39 PM,7.65,Parent/Guardian,Parent/Guardian
Child 0121,Infants B,08/28/2026,7:42 AM,5:12 PM,9.50,Parent/Guardian,Parent/Guardian
Child 0126,Infants B,08/28/2026,7:59 AM,4:16 PM,8.28,Parent/Guardian,Parent/Guardian
Child 0127,Infants B,08/28/2026,7:42 AM,4:31 PM,8.82,Parent/Guardian,Parent/Guardian
Child 0131,Infants B,08/28/2026,6:57 AM,5:12 PM,10.25,Parent/Guardian,Parent/Guardian
Child 0134,Infants B,08/28/2026,7:36 AM,5:21 PM,9.75,Parent/Guardian,Parent/Guardian
Child 0139,Ones,08/28/2026,9:12 AM,4:36 PM,7.40,Parent/Guardian,Parent/Guardian
Child 0143,Ones,08/28/2026,7:40 AM,4:57 PM,9.28,Parent/Guardian,Parent/Guardian
Child 0144,Ones,08/28/2026,8:43 AM,4:02 PM,7.32,Parent/Guardian,Parent/Guardian
Child 0148,Ones,08/28/2026,8:40 AM,4:39 PM,7.98,Parent/Guardian,Parent/Guardian
Child 0150,Ones,08/28/2026,7:02 AM,5:27 PM,10.42,Parent/Guardian,Parent/Guardian
Child 0152,Ones,08/28/2026,7:20 AM,4:39 PM,9.32,Parent/Guardian,Parent/Guardian
Child 0156,Ones,08/28/2026,8:22 AM,3:41 PM,7.32,Parent/Guardian,Parent/Guardian
Child 0159,Ones,08/28/2026,7:59 AM,3:41 PM,7.70,Parent/Guardian,Parent/Guardian
Child 0160,Ones,08/28/2026,8:27 AM,4:57 PM,8.50,Parent/Guardian,Parent/Guardian
Child 0164,Ones,08/28/2026,8:02 AM,4:01 PM,7.98,Parent/Guardian,Parent/Guardian
Child 0169,Twos A,08/28/2026,6:43 AM,5:08 PM,10.42,Parent/Guardian,Parent/Guardian
Child 0177,Twos A,08/28/2026,8:29 AM,4:28 PM,7.98,Parent/Guardian,Parent/Guardian
Child 0179,Twos A,08/28/2026,8:43 AM,5:12 PM,8.48,Parent/Guardian,Parent/Guardian
Child 0181,Twos A,08/28/2026,6:30 AM,4:14 PM,9.73,Parent/Guardian,Parent/Guardian
Child 0185,Twos A,08/28/2026,8:57 AM,4:12 PM,7.25,Parent/Guardian,Parent/Guardian
Child 0186,Twos A,08/28/2026,9:25 AM,2:25 PM,5.00,Parent/Guardian,Parent/Guardian
Child 0190,Twos A,08/28/2026,7:54 AM,4:44 PM,8.83,Parent/Guardian,Parent/Guardian
Child 0193,Twos A,08/28/2026,6:41 AM,4:29 PM,9.80,Parent/Guardian,Parent/Guardian
Child 0195,Twos A,08/28/2026,8:36 AM,3:53 PM,7.28,Parent/Guardian,Parent/Guardian
Child 0196,Twos A,08/28/2026,8:25 AM,3:41 PM,7.27,Parent/Guardian,Parent/Guardian
Child 0197,Twos A,08/28/2026,7:55 AM,4:11 PM,8.27,Parent/Guardian,Parent/Guardian
Child 0199,Twos A,08/28/2026,7:52 AM,5:12 PM,9.33,Parent/Guardian,Parent/Guardian
Child 0202,Twos A,08/28/2026,7:25 AM,3:36 PM,8.18,Parent/Guardian,Parent/Guardian
Child 0204,Twos B,08/28/2026,8:30 AM,2:43 PM,6.22,Parent/Guardian,Parent/Guardian
Child 0206,Twos B,08/28/2026,8:20 AM,5:38 PM,9.30,Parent/Guardian,Parent/Guardian
Child 0210,Twos B,08/28/2026,6:31 AM,4:56 PM,10.42,Parent/Guardian,Parent/Guardian
Child 0213,Twos B,08/28/2026,8:14 AM,4:33 PM,8.32,Parent/Guardian,Parent/Guardian
Child 0216,Twos B,08/28/2026,7:55 AM,5:39 PM,9.73,Parent/Guardian,Parent/Guardian
Child 0217,Twos B,08/28/2026,7:02 AM,4:14 PM,9.20,Parent/Guardian,Parent/Guardian
Child 0218,Twos B,08/28/2026,7:59 AM,3:51 PM,7.87,Parent/Guardian,Parent/Guardian
Child 0220,Twos B,08/28/2026,7:31 AM,4:34 PM,9.05,Parent/Guardian,Parent/Guardian
Child 0223,Twos B,08/28/2026,9:18 AM,5:06 PM,7.80,Parent/Guardian,Parent/Guardian
Child 0227,Twos B,08/28/2026,6:36 AM,5:03 PM,10.45,Parent/Guardian,Parent/Guardian
Child 0229,Twos B,08/28/2026,8:16 AM,4:13 PM,7.95,Parent/Guardian,Parent/Guardian
Child 0237,Twos B,08/28/2026,7:49 AM,3:56 PM,8.12,Parent/Guardian,Parent/Guardian
Child 0239,Threes,08/28/2026,9:37 AM,4:11 PM,6.57,Parent/Guardian,Parent/Guardian
Child 0244,Threes,08/28/2026,8:10 AM,5:31 PM,9.35,Parent/Guardian,Parent/Guardian
Child 0248,Threes,08/28/2026,7:51 AM,3:41 PM,7.83,Parent/Guardian,Parent/Guardian
Child 0252,Threes,08/28/2026,8:34 AM,12:14 PM,3.67,Parent/Guardian,Parent/Guardian
Child 0253,Threes,08/28/2026,8:51 AM,3:05 PM,6.23,Parent/Guardian,Parent/Guardian
Child 0255,Threes,08/28/2026,8:31 AM,5:00 PM,8.48,Parent/Guardian,Parent/Guardian
Child 0258,Threes,08/28/2026,7:54 AM,3:50 PM,7.93,Parent/Guardian,Parent/Guardian
Child 0259,Threes,08/28/2026,8:21 AM,5:05 PM,8.73,Parent/Guardian,Parent/Guardian
Child 0262,Threes,08/28/2026,7:46 AM,3:28 PM,7.70,Parent/Guardian,Parent/Guardian
Child 0264,Threes,08/28/2026,7:54 AM,2:42 PM,6.80,Parent/Guardian,Parent/Guardian
Child 0266,Threes,08/28/2026,7:59 AM,12:02 PM,4.05,Parent/Guardian,Parent/Guardian
Child 0267,Threes,08/28/2026,7:41 AM,3:42 PM,8.02,Parent/Guardian,Parent/Guardian
Child 0268,Threes,08/28/2026,8:03 AM,4:33 PM,8.50,Parent/Guardian,Parent/Guardian
Child 0270,Threes,08/28/2026,8:20 AM,4:24 PM,8.07,Parent/Guardian,Parent/Guardian
Child 0271,Threes,08/28/2026,6:58 AM,4:41 PM,9.72,Parent/Guardian,Parent/Guardian
Child 0273,Threes,08/28/2026,7:42 AM,1:53 PM,6.18,Parent/Guardian,Parent/Guardian
Child 0276,Threes,08/28/2026,7:28 AM,12:07 PM,4.65,Parent/Guardian,Parent/Guardian
Child 0280,Threes,08/28/2026,7:34 AM,3:18 PM,7.73,Parent/Guardian,Parent/Guardian
Child 0282,Threes,08/28/2026,7:34 AM,4:43 PM,9.15,Parent/Guardian,Parent/Guardian
Child 0284,Fours A,08/28/2026,8:43 AM,3:17 PM,6.57,Parent/Guardian,Parent/Guardian
Child 0288,Fours A,08/28/2026,8:46 AM,5:09 PM,8.38,Parent/Guardian,Parent/Guardian
Child 0292,Fours A,08/28/2026,8:34 AM,3:50 PM,7.27,Parent/Guardian,Parent/Guardian
Child 0294,Fours A,08/28/2026,9:11 AM,4:39 PM,7.47,Parent/Guardian,Parent/Guardian
Child 0298,Fours A,08/28/2026,8:35 AM,12:04 PM,3.48,Parent/Guardian,Parent/Guardian
Child 0300,Fours A,08/28/2026,9:18 AM,3:43 PM,6.42,Parent/Guardian,Parent/Guardian
Child 0306,Fours A,08/28/2026,8:09 AM,3:33 PM,7.40,Parent/Guardian,Parent/Guardian
Child 0310,Fours A,08/28/2026,8:55 AM,5:18 PM,8.38,Parent/Guardian,Parent/Guardian
Child 0314,Fours A,08/28/2026,8:03 AM,4:22 PM,8.32,Parent/Guardian,Parent/Guardian
Child 0316,Fours A,08/28/2026,8:34 AM,3:19 PM,6.75,Parent/Guardian,Parent/Guardian
Child 0319,Fours A,08/28/2026,8:59 AM,12:07 PM,3.13,Parent/Guardian,Parent/Guardian
Child 0322,Fours A,08/28/2026,7:17 AM,4:29 PM,9.20,Parent/Guardian,Parent/Guardian
Child 0325,Fours A,08/28/2026,7:13 AM,11:57 AM,4.73,Parent/Guardian,Parent/Guardian
Child 0328,Fours A,08/28/2026,7:27 AM,4:31 PM,9.07,Parent/Guardian,Parent/Guardian
Child 0331,Fours A,08/28/2026,7:47 AM,5:17 PM,9.50,Parent/Guardian,Parent/Guardian
Child 0332,Fours A,08/28/2026,7:46 AM,4:19 PM,8.55,Parent/Guardian,Parent/Guardian
Child 0334,Fours A,08/28/2026,7:38 AM,4:30 PM,8.87,Parent/Guardian,Parent/Guardian
Child 0338,Fours A,08/28/2026,7:27 AM,4:10 PM,8.72,Parent/Guardian,Parent/Guardian
Child 0339,Fours A,08/28/2026,7:22 AM,3:47 PM,8.42,Parent/Guardian,Parent/Guardian
Child 0343,Fours A,08/28/2026,8:04 AM,2:51 PM,6.78,Parent/Guardian,Parent/Guardian
Child 0347,Fours B,08/28/2026,9:08 AM,3:54 PM,6.77,Parent/Guardian,Parent/Guardian
Child 0348,Fours B,08/28/2026,8:32 AM,3:37 PM,7.08,Parent/Guardian,Parent/Guardian
Child 0356,Fours B,08/28/2026,7:55 AM,4:38 PM,8.72,Parent/Guardian,Parent/Guardian
Child 0357,Fours B,08/28/2026,7:36 AM,4:11 PM,8.58,Parent/Guardian,Parent/Guardian
Child 0358,Fours B,08/28/2026,8:18 AM,4:03 PM,7.75,Parent/Guardian,Parent/Guardian
Child 0362,Fours B,08/28/2026,7:12 AM,4:03 PM,8.85,Parent/Guardian,Parent/Guardian
Child 0363,Fours B,08/28/2026,6:51 AM,12:28 PM,5.62,Parent/Guardian,Parent/Guardian
Child 0370,Fours B,08/28/2026,8:34 AM,5:02 PM,8.47,Parent/Guardian,Parent/Guardian
Child 0374,Fours B,08/28/2026,7:49 AM,5:18 PM,9.48,Parent/Guardian,Parent/Guardian
Child 0375,Fours B,08/28/2026,8:48 AM,4:00 PM,7.20,Parent/Guardian,Parent/Guardian
Child 0379,Fours B,08/28/2026,9:02 AM,4:16 PM,7.23,Parent/Guardian,Parent/Guardian
Child 0383,Fours B,08/28/2026,8:32 AM,4:14 PM,7.70,Parent/Guardian,Parent/Guardian
Child 0384,Fours B,08/28/2026,7:54 AM,4:32 PM,8.63,Parent/Guardian,Parent/Guardian
Child 0389,Fours B,08/28/2026,8:04 AM,5:41 PM,9.62,Parent/Guardian,Parent/Guardian
Child 0390,Fours B,08/28/2026,9:14 AM,3:56 PM,6.70,Parent/Guardian,Parent/Guardian
Child 0103,Infants A,08/31/2026,8:23 AM,4:17 PM,7.90,Parent/Guardian,Parent/Guardian
Child 0104,Infants A,08/31/2026,7:40 AM,5:25 PM,9.75,Parent/Guardian,Parent/Guardian
Child 0105,Infants A,08/31/2026,8:25 AM,5:10 PM,8.75,Parent/Guardian,Parent/Guardian
Child 0109,Infants A,08/31/2026,8:34 AM,5:32 PM,8.97,Parent/Guardian,Parent/Guardian
Child 0110,Infants A,08/31/2026,7:25 AM,4:17 PM,8.87,Parent/Guardian,Parent/Guardian
Child 0111,Infants A,08/31/2026,7:46 AM,4:45 PM,8.98,Parent/Guardian,Parent/Guardian
Child 0112,Infants A,08/31/2026,7:21 AM,4:12 PM,8.85,Parent/Guardian,Parent/Guardian
Child 0113,Infants A,08/31/2026,7:15 AM,4:21 PM,9.10,Parent/Guardian,Parent/Guardian
Child 0114,Infants A,08/31/2026,7:09 AM,4:30 PM,9.35,Parent/Guardian,Parent/Guardian
Child 0118,Infants B,08/31/2026,8:08 AM,4:33 PM,8.42,Parent/Guardian,Parent/Guardian
Child 0123,Infants B,08/31/2026,8:32 AM,4:47 PM,8.25,Parent/Guardian,Parent/Guardian
Child 0126,Infants B,08/31/2026,7:59 AM,4:37 PM,8.63,Parent/Guardian,Parent/Guardian
Child 0131,Infants B,08/31/2026,6:30 AM,5:47 PM,11.28,Parent/Guardian,Parent/Guardian
Child 0138,Infants B,08/31/2026,8:10 AM,4:52 PM,8.70,Parent/Guardian,Parent/Guardian
Child 0143,Ones,08/31/2026,7:42 AM,5:42 PM,10.00,Parent/Guardian,Parent/Guardian
Child 0148,Ones,08/31/2026,9:15 AM,5:01 PM,7.77,Parent/Guardian,Parent/Guardian
Child 0150,Ones,08/31/2026,6:37 AM,5:29 PM,10.87,Parent/Guardian,Parent/Guardian
Child 0152,Ones,08/31/2026,7:16 AM,5:10 PM,9.90,Parent/Guardian,Parent/Guardian
Child 0156,Ones,08/31/2026,8:38 AM,4:33 PM,7.92,Parent/Guardian,Parent/Guardian
Child 0159,Ones,08/31/2026,7:48 AM,4:12 PM,8.40,Parent/Guardian,Parent/Guardian
Child 0160,Ones,08/31/2026,8:10 AM,4:57 PM,8.78,Parent/Guardian,Parent/Guardian
Child 0164,Ones,08/31/2026,8:31 AM,4:01 PM,7.50,Parent/Guardian,Parent/Guardian
Child 0166,Ones,08/31/2026,7:33 AM,5:04 PM,9.52,Parent/Guardian,Parent/Guardian
Child 0168,Twos A,08/31/2026,7:39 AM,3:50 PM,8.18,Parent/Guardian,Parent/Guardian
Child 0179,Twos A,08/31/2026,8:38 AM,5:37 PM,8.98,Parent/Guardian,Parent/Guardian
Child 0181,Twos A,08/31/2026,6:31 AM,4:18 PM,9.78,Parent/Guardian,Parent/Guardian
Child 0182,Twos A,08/31/2026,8:32 AM,4:16 PM,7.73,Parent/Guardian,Parent/Guardian
Child 0185,Twos A,08/31/2026,8:54 AM,4:28 PM,7.57,Parent/Guardian,Parent/Guardian
Child 0186,Twos A,08/31/2026,9:17 AM,2:32 PM,5.25,Parent/Guardian,Parent/Guardian
Child 0190,Twos A,08/31/2026,7:51 AM,5:17 PM,9.43,Parent/Guardian,Parent/Guardian
Child 0193,Twos A,08/31/2026,7:01 AM,4:54 PM,9.88,Parent/Guardian,Parent/Guardian
Child 0195,Twos A,08/31/2026,9:00 AM,4:43 PM,7.72,Parent/Guardian,Parent/Guardian
Child 0196,Twos A,08/31/2026,7:59 AM,4:23 PM,8.40,Parent/Guardian,Parent/Guardian
Child 0202,Twos A,08/31/2026,7:16 AM,4:00 PM,8.73,Parent/Guardian,Parent/Guardian
Child 0204,Twos B,08/31/2026,8:24 AM,3:17 PM,6.88,Parent/Guardian,Parent/Guardian
Child 0206,Twos B,08/31/2026,8:01 AM,5:13 PM,9.20,Parent/Guardian,Parent/Guardian
Child 0210,Twos B,08/31/2026,6:32 AM,4:49 PM,10.28,Parent/Guardian,Parent/Guardian
Child 0213,Twos B,08/31/2026,8:01 AM,4:34 PM,8.55,Parent/Guardian,Parent/Guardian
Child 0216,Twos B,08/31/2026,8:21 AM,5:41 PM,9.33,Parent/Guardian,Parent/Guardian
Child 0217,Twos B,08/31/2026,7:02 AM,5:00 PM,9.97,Parent/Guardian,Parent/Guardian
Child 0218,Twos B,08/31/2026,8:01 AM,4:40 PM,8.65,Parent/Guardian,Parent/Guardian
Child 0220,Twos B,08/31/2026,7:21 AM,4:56 PM,9.58,Parent/Guardian,Parent/Guardian
Child 0223,Twos B,08/31/2026,9:09 AM,5:40 PM,8.52,Parent/Guardian,Parent/Guardian
Child 0227,Twos B,08/31/2026,6:30 AM,5:56 PM,11.43,Parent/Guardian,Parent/Guardian
Child 0233,Twos B,08/31/2026,8:15 AM,4:29 PM,8.23,Parent/Guardian,Parent/Guardian
Child 0237,Twos B,08/31/2026,7:31 AM,4:18 PM,8.78,Parent/Guardian,Parent/Guardian
Child 0239,Threes,08/31/2026,9:24 AM,5:07 PM,7.72,Parent/Guardian,Parent/Guardian
Child 0241,Threes,08/31/2026,6:49 AM,5:46 PM,10.95,Parent/Guardian,Parent/Guardian
Child 0252,Threes,08/31/2026,8:50 AM,12:18 PM,3.47,Parent/Guardian,Parent/Guardian
Child 0253,Threes,08/31/2026,8:34 AM,3:51 PM,7.28,Parent/Guardian,Parent/Guardian
Child 0255,Threes,08/31/2026,8:32 AM,5:45 PM,9.22,Parent/Guardian,Parent/Guardian
Child 0258,Threes,08/31/2026,7:59 AM,3:50 PM,7.85,Parent/Guardian,Parent/Guardian
Child 0259,Threes,08/31/2026,8:06 AM,5:06 PM,9.00,Parent/Guardian,Parent/Guardian
Child 0260,Threes,08/31/2026,8:01 AM,3:36 PM,7.58,Parent/Guardian,Parent/Guardian
Child 0262,Threes,08/31/2026,7:40 AM,3:47 PM,8.12,Parent/Guardian,Parent/Guardian
Child 0264,Threes,08/31/2026,7:17 AM,3:21 PM,8.07,Parent/Guardian,Parent/Guardian
Child 0266,Threes,08/31/2026,8:25 AM,12:20 PM,3.92,Parent/Guardian,Parent/Guardian
Child 0267,Threes,08/31/2026,7:56 AM,4:12 PM,8.27,Parent/Guardian,Parent/Guardian
Child 0268,Threes,08/31/2026,8:15 AM,4:27 PM,8.20,Parent/Guardian,Parent/Guardian
Child 0270,Threes,08/31/2026,7:40 AM,5:34 PM,9.90,Parent/Guardian,Parent/Guardian
Child 0271,Threes,08/31/2026,7:45 AM,5:28 PM,9.72,Parent/Guardian,Parent/Guardian
Child 0273,Threes,08/31/2026,7:14 AM,2:12 PM,6.97,Parent/Guardian,Parent/Guardian
Child 0276,Threes,08/31/2026,7:14 AM,1:08 PM,5.90,Parent/Guardian,Parent/Guardian
Child 0280,Threes,08/31/2026,7:54 AM,3:57 PM,8.05,Parent/Guardian,Parent/Guardian
Child 0282,Threes,08/31/2026,7:55 AM,5:14 PM,9.32,Parent/Guardian,Parent/Guardian
Child 0284,Fours A,08/31/2026,8:35 AM,3:32 PM,6.95,Parent/Guardian,Parent/Guardian
Child 0288,Fours A,08/31/2026,8:44 AM,6:00 PM,9.27,Parent/Guardian,Parent/Guardian
Child 0289,Fours A,08/31/2026,7:30 AM,6:00 PM,10.50,Parent/Guardian,Parent/Guardian
Child 0292,Fours A,08/31/2026,8:48 AM,4:16 PM,7.47,Parent/Guardian,Parent/Guardian
Child 0298,Fours A,08/31/2026,8:18 AM,12:37 PM,4.32,Parent/Guardian,Parent/Guardian
Child 0300,Fours A,08/31/2026,9:25 AM,4:45 PM,7.33,Parent/Guardian,Parent/Guardian
Child 0303,Fours A,08/31/2026,7:33 AM,4:11 PM,8.63,Parent/Guardian,Parent/Guardian
Child 0305,Fours A,08/31/2026,7:46 AM,5:41 PM,9.92,Parent/Guardian,Parent/Guardian
Child 0306,Fours A,08/31/2026,7:56 AM,4:21 PM,8.42,Parent/Guardian,Parent/Guardian
Child 0310,Fours A,08/31/2026,9:04 AM,5:22 PM,8.30,Parent/Guardian,Parent/Guardian
Child 0314,Fours A,08/31/2026,8:22 AM,4:38 PM,8.27,Parent/Guardian,Parent/Guardian
Child 0316,Fours A,08/31/2026,8:22 AM,3:44 PM,7.37,Parent/Guardian,Parent/Guardian
Child 0319,Fours A,08/31/2026,9:52 AM,12:07 PM,2.25,Parent/Guardian,Parent/Guardian
Child 0322,Fours A,08/31/2026,7:39 AM,5:19 PM,9.67,Parent/Guardian,Parent/Guardian
Child 0325,Fours A,08/31/2026,7:05 AM,12:29 PM,5.40,Parent/Guardian,Parent/Guardian
Child 0328,Fours A,08/31/2026,7:32 AM,4:50 PM,9.30,Parent/Guardian,Parent/Guardian
Child 0331,Fours A,08/31/2026,8:04 AM,6:00 PM,9.93,Parent/Guardian,Parent/Guardian
Child 0332,Fours A,08/31/2026,8:09 AM,5:01 PM,8.87,Parent/Guardian,Parent/Guardian
Child 0334,Fours A,08/31/2026,7:35 AM,5:00 PM,9.42,Parent/Guardian,Parent/Guardian
Child 0343,Fours A,08/31/2026,8:05 AM,3:29 PM,7.40,Parent/Guardian,Parent/Guardian
Child 0345,Fours B,08/31/2026,9:23 AM,5:19 PM,7.93,Parent/Guardian,Parent/Guardian
Child 0347,Fours B,08/31/2026,8:46 AM,3:49 PM,7.05,Parent/Guardian,Parent/Guardian
Child 0348,Fours B,08/31/2026,8:11 AM,4:02 PM,7.85,Parent/Guardian,Parent/Guardian
Child 0350,Fours B,08/31/2026,8:05 AM,4:43 PM,8.63,Parent/Guardian,Parent/Guardian
Child 0354,Fours B,08/31/2026,8:14 AM,3:54 PM,7.67,Parent/Guardian,Parent/Guardian
Child 0356,Fours B,08/31/2026,7:56 AM,5:04 PM,9.13,Parent/Guardian,Parent/Guardian
Child 0362,Fours B,08/31/2026,6:55 AM,5:11 PM,10.27,Parent/Guardian,Parent/Guardian
Child 0363,Fours B,08/31/2026,7:25 AM,12:04 PM,4.65,Parent/Guardian,Parent/Guardian
Child 0366,Fours B,08/31/2026,7:20 AM,3:44 PM,8.40,Parent/Guardian,Parent/Guardian
Child 0370,Fours B,08/31/2026,8:40 AM,4:55 PM,8.25,Parent/Guardian,Parent/Guardian
Child 0374,Fours B,08/31/2026,7:49 AM,5:05 PM,9.27,Parent/Guardian,Parent/Guardian
Child 0379,Fours B,08/31/2026,8:29 AM,5:31 PM,9.03,Parent/Guardian,Parent/Guardian
Child 0384,Fours B,08/31/2026,7:55 AM,4:34 PM,8.65,Parent/Guardian,Parent/Guardian
Child 0386,Fours B,08/31/2026,7:28 AM,4:30 PM,9.03,Parent/Guardian,Parent/Guardian
Child 0389,Fours B,08/31/2026,8:06 AM,5:45 PM,9.65,Parent/Guardian,Parent/Guardian
Child 0390,Fours B,08/31/2026,8:29 AM,5:08 PM,8.65,Parent/Guardian,Parent/Guardian
Child 0103,Infants A,09/01/2026,8:42 AM,4:30 PM,7.80,Parent/Guardian,Parent/Guardian
Child 0104,Infants A,09/01/2026,8:03 AM,4:47 PM,8.73,Parent/Guardian,Parent/Guardian
Child 0105,Infants A,09/01/2026,8:22 AM,5:17 PM,8.92,Parent/Guardian,Parent/Guardian
Child 0109,Infants A,09/01/2026,8:37 AM,5:07 PM,8.50,Parent/Guardian,Parent/Guardian
Child 0110,Infants A,09/01/2026,7:15 AM,4:54 PM,9.65,Parent/Guardian,Parent/Guardian
Child 0111,Infants A,09/01/2026,7:30 AM,4:18 PM,8.80,Parent/Guardian,Parent/Guardian
Child 0112,Infants A,09/01/2026,7:26 AM,4:39 PM,9.22,Parent/Guardian,Parent/Guardian
Child 0113,Infants A,09/01/2026,7:02 AM,4:15 PM,9.22,Parent/Guardian,Parent/Guardian
Child 0114,Infants A,09/01/2026,6:51 AM,4:11 PM,9.33,Parent/Guardian,Parent/Guardian
Child 0118,Infants B,09/01/2026,8:17 AM,3:42 PM,7.42,Parent/Guardian,Parent/Guardian
Child 0121,Infants B,09/01/2026,7:50 AM,6:00 PM,10.17,Parent/Guardian,Parent/Guardian
Child 0123,Infants B,09/01/2026,8:29 AM,5:04 PM,8.58,Parent/Guardian,Parent/Guardian
Child 0126,Infants B,09/01/2026,7:45 AM,4:04 PM,8.32,Parent/Guardian,Parent/Guardian
Child 0127,Infants B,09/01/2026,7:57 AM,4:52 PM,8.92,Parent/Guardian,Parent/Guardian
Child 0131,Infants B,09/01/2026,6:37 AM,5:50 PM,11.22,Parent/Guardian,Parent/Guardian
Child 0134,Infants B,09/01/2026,7:51 AM,5:53 PM,10.03,Parent/Guardian,Parent/Guardian
Child 0138,Infants B,09/01/2026,8:16 AM,5:01 PM,8.75,Parent/Guardian,Parent/Guardian
Child 0139,Ones,09/01/2026,9:04 AM,5:21 PM,8.28,Parent/Guardian,Parent/Guardian
Child 0143,Ones,09/01/2026,8:01 AM,5:39 PM,9.63,Parent/Guardian,Parent/Guardian
Child 0144,Ones,09/01/2026,8:34 AM,4:04 PM,7.50,Parent/Guardian,Parent/Guardian
Child 0148,Ones,09/01/2026,9:12 AM,5:12 PM,8.00,Parent/Guardian,Parent/Guardian
Child 0150,Ones,09/01/2026,6:52 AM,5:51 PM,10.98,Parent/Guardian,Parent/Guardian
Child 0156,Ones,09/01/2026,8:28 AM,4:12 PM,7.73,Parent/Guardian,Parent/Guardian
Child 0159,Ones,09/01/2026,7:54 AM,4:25 PM,8.52,Parent/Guardian,Parent/Guardian
Child 0164,Ones,09/01/2026,8:12 AM,3:56 PM,7.73,Parent/Guardian,Parent/Guardian
Child 0166,Ones,09/01/2026,7:25 AM,5:13 PM,9.80,Parent/Guardian,Parent/Guardian
Child 0168,Twos A,09/01/2026,7:54 AM,4:06 PM,8.20,Parent/Guardian,Parent/Guardian
Child 0169,Twos A,09/01/2026,6:54 AM,5:36 PM,10.70,Parent/Guardian,Parent/Guardian
Child 0173,Twos A,09/01/2026,7:06 AM,5:22 PM,10.27,Parent/Guardian,Parent/Guardian
Child 0177,Twos A,09/01/2026,8:19 AM,4:41 PM,8.37,Parent/Guardian,Parent/Guardian
Child 0179,Twos A,09/01/2026,9:09 AM,5:31 PM,8.37,Parent/Guardian,Parent/Guardian
Child 0181,Twos A,09/01/2026,6:37 AM,4:10 PM,9.55,Parent/Guardian,Parent/Guardian
Child 0182,Twos A,09/01/2026,8:24 AM,4:05 PM,7.68,Parent/Guardian,Parent/Guardian
Child 0185,Twos A,09/01/2026,9:00 AM,4:36 PM,7.60,Parent/Guardian,Parent/Guardian
Child 0186,Twos A,09/01/2026,9:05 AM,2:53 PM,5.80,Parent/Guardian,Parent/Guardian
Child 0190,Twos A,09/01/2026,7:44 AM,5:16 PM,9.53,Parent/Guardian,Parent/Guardian
Child 0193,Twos A,09/01/2026,7:38 AM,4:55 PM,9.28,Parent/Guardian,Parent/Guardian
Child 0196,Twos A,09/01/2026,8:14 AM,4:18 PM,8.07,Parent/Guardian,Parent/Guardian
Child 0197,Twos A,09/01/2026,7:44 AM,3:55 PM,8.18,Parent/Guardian,Parent/Guardian
Child 0199,Twos A,09/01/2026,7:46 AM,5:00 PM,9.23,Parent/Guardian,Parent/Guardian
Child 0202,Twos A,09/01/2026,7:16 AM,4:27 PM,9.18,Parent/Guardian,Parent/Guardian
Child 0204,Twos B,09/01/2026,8:22 AM,3:44 PM,7.37,Parent/Guardian,Parent/Guardian
Child 0206,Twos B,09/01/2026,8:22 AM,5:58 PM,9.60,Parent/Guardian,Parent/Guardian
Child 0207,Twos B,09/01/2026,8:21 AM,4:03 PM,7.70,Parent/Guardian,Parent/Guardian
Child 0210,Twos B,09/01/2026,6:30 AM,4:54 PM,10.40,Parent/Guardian,Parent/Guardian
Child 0213,Twos B,09/01/2026,8:06 AM,5:02 PM,8.93,Parent/Guardian,Parent/Guardian
Child 0216,Twos B,09/01/2026,8:06 AM,5:32 PM,9.43,Parent/Guardian,Parent/Guardian
Child 0217,Twos B,09/01/2026,7:22 AM,5:09 PM,9.78,Parent/Guardian,Parent/Guardian
Child 0218,Twos B,09/01/2026,7:47 AM,4:39 PM,8.87,Parent/Guardian,Parent/Guardian
Child 0220,Twos B,09/01/2026,7:18 AM,5:05 PM,9.78,Parent/Guardian,Parent/Guardian
Child 0223,Twos B,09/01/2026,9:26 AM,5:22 PM,7.93,Parent/Guardian,Parent/Guardian
Child 0227,Twos B,09/01/2026,7:00 AM,6:00 PM,11.00,Parent/Guardian,Parent/Guardian
Child 0229,Twos B,09/01/2026,8:15 AM,4:45 PM,8.50,Parent/Guardian,Parent/Guardian
Child 0233,Twos B,09/01/2026,8:22 AM,4:19 PM,7.95,Parent/Guardian,Parent/Guardian
Child 0237,Twos B,09/01/2026,7:38 AM,4:11 PM,8.55,Parent/Guardian,Parent/Guardian
Child 0239,Threes,09/01/2026,9:21 AM,4:43 PM,7.37,Parent/Guardian,Parent/Guardian
Child 0241,Threes,09/01/2026,6:39 AM,5:25 PM,10.77,Parent/Guardian,Parent/Guardian
Child 0244,Threes,09/01/2026,8:06 AM,5:17 PM,9.18,Parent/Guardian,Parent/Guardian
Child 0248,Threes,09/01/2026,8:22 AM,4:24 PM,8.03,Parent/Guardian,Parent/Guardian
Child 0252,Threes,09/01/2026,8:35 AM,12:00 PM,3.42,Parent/Guardian,Parent/Guardian
Child 0253,Threes,09/01/2026,8:38 AM,3:44 PM,7.10,Parent/Guardian,Parent/Guardian
Child 0255,Threes,09/01/2026,8:04 AM,5:52 PM,9.80,Parent/Guardian,Parent/Guardian
Child 0258,Threes,09/01/2026,7:23 AM,4:23 PM,9.00,Parent/Guardian,Parent/Guardian
Child 0259,Threes,09/01/2026,7:55 AM,5:24 PM,9.48,Parent/Guardian,Parent/Guardian
Child 0264,Threes,09/01/2026,7:27 AM,3:29 PM,8.03,Parent/Guardian,Parent/Guardian
Child 0266,Threes,09/01/2026,8:19 AM,12:09 PM,3.83,Parent/Guardian,Parent/Guardian
Child 0267,Threes,09/01/2026,7:46 AM,4:33 PM,8.78,Parent/Guardian,Parent/Guardian
Child 0268,Threes,09/01/2026,8:30 AM,4:25 PM,7.92,Parent/Guardian,Parent/Guardian
Child 0270,Threes,09/01/2026,7:38 AM,5:12 PM,9.57,Parent/Guardian,Parent/Guardian
Child 0271,Threes,09/01/2026,7:00 AM,5:18 PM,10.30,Parent/Guardian,Parent/Guardian
Child 0273,Threes,09/01/2026,7:41 AM,2:28 PM,6.78,Parent/Guardian,Parent/Guardian
Child 0276,Threes,09/01/2026,7:30 AM,12:32 PM,5.03,Parent/Guardian,Parent/Guardian
Child 0280,Threes,09/01/2026,7:46 AM,4:03 PM,8.28,Parent/Guardian,Parent/Guardian
Child 0281,Threes,09/01/2026,9:09 AM,6:00 PM,8.85,Parent/Guardian,Parent/Guardian
Child 0282,Threes,09/01/2026,7:58 AM,5:06 PM,9.13,Parent/Guardian,Parent/Guardian
Child 0284,Fours A,09/01/2026,8:41 AM,3:30 PM,6.82,Parent/Guardian,Parent/Guardian
Child 0288,Fours A,09/01/2026,9:14 AM,5:35 PM,8.35,Parent/Guardian,Parent/Guardian
Child 0289,Fours A,09/01/2026,7:38 AM,5:49 PM,10.18,Parent/Guardian,Parent/Guardian
Child 0292,Fours A,09/01/2026,8:54 AM,4:25 PM,7.52,Parent/Guardian,Parent/Guardian
Child 0294,Fours A,09/01/2026,9:13 AM,5:00 PM,7.78,Parent/Guardian,Parent/Guardian
Child 0298,Fours A,09/01/2026,8:47 AM,12:20 PM,3.55,Parent/Guardian,Parent/Guardian
Child 0300,Fours A,09/01/2026,9:53 AM,4:15 PM,6.37,Parent/Guardian,Parent/Guardian
Child 0303,Fours A,09/01/2026,7:32 AM,4:20 PM,8.80,Parent/Guardian,Parent/Guardian
Child 0305,Fours A,09/01/2026,7:44 AM,6:00 PM,10.27,Parent/Guardian,Parent/Guardian
Child 0306,Fours A,09/01/2026,7:55 AM,4:17 PM,8.37,Parent/Guardian,Parent/Guardian
Child 0310,Fours A,09/01/2026,9:22 AM,5:52 PM,8.50,Parent/Guardian,Parent/Guardian
Child 0314,Fours A,09/01/2026,8:24 AM,5:06 PM,8.70,Parent/Guardian,Parent/Guardian
Child 0316,Fours A,09/01/2026,8:54 AM,3:40 PM,6.77,Parent/Guardian,Parent/Guardian
Child 0319,Fours A,09/01/2026,9:33 AM,12:22 PM,2.82,Parent/Guardian,Parent/Guardian
Child 0322,Fours A,09/01/2026,8:16 AM,4:51 PM,8.58,Parent/Guardian,Parent/Guardian
Child 0325,Fours A,09/01/2026,6:50 AM,12:32 PM,5.70,Parent/Guardian,Parent/Guardian
Child 0328,Fours A,09/01/2026,7:29 AM,4:47 PM,9.30,Parent/Guardian,Parent/Guardian
Child 0331,Fours A,09/01/2026,8:22 AM,6:00 PM,9.63,Parent/Guardian,Parent/Guardian
Child 0332,Fours A,09/01/2026,8:02 AM,5:08 PM,9.10,Parent/Guardian,Parent/Guardian
Child 0334,Fours A,09/01/2026,7:52 AM,4:49 PM,8.95,Parent/Guardian,Parent/Guardian
Child 0338,Fours A,09/01/2026,7:19 AM,4:16 PM,8.95,Parent/Guardian,Parent/Guardian
Child 0339,Fours A,09/01/2026,7:05 AM,4:36 PM,9.52,Parent/Guardian,Parent/Guardian
Child 0343,Fours A,09/01/2026,7:56 AM,3:32 PM,7.60,Parent/Guardian,Parent/Guardian
Child 0345,Fours B,09/01/2026,9:23 AM,4:52 PM,7.48,Parent/Guardian,Parent/Guardian
Child 0347,Fours B,09/01/2026,9:10 AM,3:59 PM,6.82,Parent/Guardian,Parent/Guardian
Child 0350,Fours B,09/01/2026,8:21 AM,5:03 PM,8.70,Parent/Guardian,Parent/Guardian
Child 0354,Fours B,09/01/2026,8:34 AM,3:57 PM,7.38,Parent/Guardian,Parent/Guardian
Child 0356,Fours B,09/01/2026,7:30 AM,4:41 PM,9.18,Parent/Guardian,Parent/Guardian
Child 0357,Fours B,09/01/2026,8:03 AM,4:19 PM,8.27,Parent/Guardian,Parent/Guardian
Child 0358,Fours B,09/01/2026,8:01 AM,4:27 PM,8.43,Parent/Guardian,Parent/Guardian
Child 0362,Fours B,09/01/2026,7:50 AM,5:31 PM,9.68,Parent/Guardian,Parent/Guardian
Child 0363,Fours B,09/01/2026,7:13 AM,12:43 PM,5.50,Parent/Guardian,Parent/Guardian
Child 0366,Fours B,09/01/2026,7:41 AM,4:09 PM,8.47,Parent/Guardian,Parent/Guardian
Child 0370,Fours B,09/01/2026,8:40 AM,5:08 PM,8.47,Parent/Guardian,Parent/Guardian
Child 0375,Fours B,09/01/2026,8:59 AM,5:05 PM,8.10,Parent/Guardian,Parent/Guardian
Child 0379,Fours B,09/01/2026,8:34 AM,5:02 PM,8.47,Parent/Guardian,Parent/Guardian
Child 0384,Fours B,09/01/2026,7:54 AM,4:34 PM,8.67,Parent/Guardian,Parent/Guardian
Child 0386,Fours B,09/01/2026,7:39 AM,4:13 PM,8.57,Parent/Guardian,Parent/Guardian
Child 0389,Fours B,09/01/2026,7:53 AM,6:00 PM,10.12,Parent/Guardian,Parent/Guardian
Child 0390,Fours B,09/01/2026,8:58 AM,4:31 PM,7.55,Parent/Guardian,Parent/Guardian
Child 0103,Infants A,09/02/2026,8:42 AM,4:30 PM,7.80,Parent/Guardian,Parent/Guardian
Child 0104,Infants A,09/02/2026,7:54 AM,5:03 PM,9.15,Parent/Guardian,Parent/Guardian
Child 0105,Infants A,09/02/2026,8:54 AM,4:57 PM,8.05,Parent/Guardian,Parent/Guardian
Child 0109,Infants A,09/02/2026,8:46 AM,5:00 PM,8.23,Parent/Guardian,Parent/Guardian
Child 0110,Infants A,09/02/2026,7:29 AM,4:37 PM,9.13,Parent/Guardian,Parent/Guardian
Child 0111,Infants A,09/02/2026,7:37 AM,4:43 PM,9.10,Parent/Guardian,Parent/Guardian
Child 0112,Infants A,09/02/2026,7:07 AM,4:06 PM,8.98,Parent/Guardian,Parent/Guardian
Child 0113,Infants A,09/02/2026,7:13 AM,4:39 PM,9.43,Parent/Guardian,Parent/Guardian
Child 0114,Infants A,09/02/2026,7:12 AM,3:58 PM,8.77,Parent/Guardian,Parent/Guardian
Child 0118,Infants B,09/02/2026,8:18 AM,4:22 PM,8.07,Parent/Guardian,Parent/Guardian
Child 0121,Infants B,09/02/2026,7:40 AM,6:00 PM,10.33,Parent/Guardian,Parent/Guardian
Child 0123,Infants B,09/02/2026,8:40 AM,5:35 PM,8.92,Parent/Guardian,Parent/Guardian
Child 0126,Infants B,09/02/2026,7:54 AM,4:06 PM,8.20,Parent/Guardian,Parent/Guardian
Child 0127,Infants B,09/02/2026,7:29 AM,4:42 PM,9.22,Parent/Guardian,Parent/Guardian
Child 0131,Infants B,09/02/2026,6:30 AM,5:52 PM,11.37,Parent/Guardian,Parent/Guardian
Child 0134,Infants B,09/02/2026,8:04 AM,5:25 PM,9.35,Parent/Guardian,Parent/Guardian
Child 0138,Infants B,09/02/2026,8:28 AM,4:46 PM,8.30,Parent/Guardian,Parent/Guardian
Child 0139,Ones,09/02/2026,8:54 AM,5:24 PM,8.50,Parent/Guardian,Parent/Guardian
Child 0143,Ones,09/02/2026,7:39 AM,5:29 PM,9.83,Parent/Guardian,Parent/Guardian
Child 0144,Ones,09/02/2026,8:43 AM,4:34 PM,7.85,Parent/Guardian,Parent/Guardian
Child 0148,Ones,09/02/2026,8:55 AM,5:30 PM,8.58,Parent/Guardian,Parent/Guardian
Child 0150,Ones,09/02/2026,6:39 AM,5:37 PM,10.97,Parent/Guardian,Parent/Guardian
Child 0152,Ones,09/02/2026,7:06 AM,5:03 PM,9.95,Parent/Guardian,Parent/Guardian
Child 0156,Ones,09/02/2026,8:01 AM,4:36 PM,8.58,Parent/Guardian,Parent/Guardian
Child 0159,Ones,09/02/2026,7:32 AM,4:00 PM,8.47,Parent/Guardian,Parent/Guardian
Child 0160,Ones,09/02/2026,7:59 AM,5:17 PM,9.30,Parent/Guardian,Parent/Guardian
Child 0164,Ones,09/02/2026,8:03 AM,4:25 PM,8.37,Parent/Guardian,Parent/Guardian
Child 0166,Ones,09/02/2026,7:23 AM,5:14 PM,9.85,Parent/Guardian,Parent/Guardian
Child 0168,Twos A,09/02/2026,7:41 AM,3:46 PM,8.08,Parent/Guardian,Parent/Guardian
Child 0169,Twos A,09/02/2026,6:51 AM,4:56 PM,10.08,Parent/Guardian,Parent/Guardian
Child 0173,Twos A,09/02/2026,7:35 AM,5:00 PM,9.42,Parent/Guardian,Parent/Guardian
Child 0177,Twos A,09/02/2026,8:16 AM,4:39 PM,8.38,Parent/Guardian,Parent/Guardian
Child 0179,Twos A,09/02/2026,8:37 AM,5:06 PM,8.48,Parent/Guardian,Parent/Guardian
Child 0182,Twos A,09/02/2026,8:48 AM,4:24 PM,7.60,Parent/Guardian,Parent/Guardian
Child 0185,Twos A,09/02/2026,9:10 AM,4:33 PM,7.38,Parent/Guardian,Parent/Guardian
Child 0186,Twos A,09/02/2026,9:08 AM,2:40 PM,5.53,Parent/Guardian,Parent/Guardian
Child 0190,Twos A,09/02/2026,7:43 AM,5:08 PM,9.42,Parent/Guardian,Parent/Guardian
Child 0193,Twos A,09/02/2026,7:07 AM,5:15 PM,10.13,Parent/Guardian,Parent/Guardian
Child 0195,Twos A,09/02/2026,8:45 AM,4:41 PM,7.93,Parent/Guardian,Parent/Guardian
Child 0196,Twos A,09/02/2026,8:18 AM,4:09 PM,7.85,Parent/Guardian,Parent/Guardian
Child 0197,Twos A,09/02/2026,7:40 AM,4:21 PM,8.68,Parent/Guardian,Parent/Guardian
Child 0199,Twos A,09/02/2026,7:57 AM,5:17 PM,9.33,Parent/Guardian,Parent/Guardian
Child 0202,Twos A,09/02/2026,7:11 AM,4:34 PM,9.38,Parent/Guardian,Parent/Guardian
Child 0204,Twos B,09/02/2026,8:25 AM,3:52 PM,7.45,Parent/Guardian,Parent/Guardian
Child 0206,Twos B,09/02/2026,8:15 AM,5:37 PM,9.37,Parent/Guardian,Parent/Guardian
Child 0207,Twos B,09/02/2026,8:31 AM,4:11 PM,7.67,Parent/Guardian,Parent/Guardian
Child 0210,Twos B,09/02/2026,6:56 AM,5:26 PM,10.50,Parent/Guardian,Parent/Guardian
Child 0213,Twos B,09/02/2026,7:47 AM,5:01 PM,9.23,Parent/Guardian,Parent/Guardian
Child 0216,Twos B,09/02/2026,8:23 AM,5:55 PM,9.53,Parent/Guardian,Parent/Guardian
Child 0217,Twos B,09/02/2026,7:08 AM,5:08 PM,10.00,Parent/Guardian,Parent/Guardian
Child 0218,Twos B,09/02/2026,8:04 AM,4:33 PM,8.48,Parent/Guardian,Parent/Guardian
Child 0223,Twos B,09/02/2026,9:27 AM,5:51 PM,8.40,Parent/Guardian,Parent/Guardian
Child 0227,Twos B,09/02/2026,7:01 AM,5:49 PM,10.80,Parent/Guardian,Parent/Guardian
Child 0229,Twos B,09/02/2026,8:11 AM,4:45 PM,8.57,Parent/Guardian,Parent/Guardian
Child 0233,Twos B,09/02/2026,8:06 AM,4:10 PM,8.07,Parent/Guardian,Parent/Guardian
Child 0237,Twos B,09/02/2026,7:37 AM,4:05 PM,8.47,Parent/Guardian,Parent/Guardian
Child 0239,Threes,09/02/2026,9:09 AM,5:06 PM,7.95,Parent/Guardian,Parent/Guardian
Child 0241,Threes,09/02/2026,6:56 AM,5:30 PM,10.57,Parent/Guardian,Parent/Guardian
Child 0244,Threes,09/02/2026,8:17 AM,5:56 PM,9.65,Parent/Guardian,Parent/Guardian
Child 0248,Threes,09/02/2026,8:10 AM,4:49 PM,8.65,Parent/Guardian,Parent/Guardian
Child 0253,Threes,09/02/2026,9:05 AM,4:14 PM,7.15,Parent/Guardian,Parent/Guardian
Child 0255,Threes,09/02/2026,8:10 AM,5:43 PM,9.55,Parent/Guardian,Parent/Guardian
Child 0258,Threes,09/02/2026,7:57 AM,4:03 PM,8.10,Parent/Guardian,Parent/Guardian
Child 0259,Threes,09/02/2026,8:13 AM,5:53 PM,9.67,Parent/Guardian,Parent/Guardian
Child 0260,Threes,09/02/2026,7:53 AM,2:55 PM,7.03,Parent/Guardian,Parent/Guardian
Child 0262,Threes,09/02/2026,7:25 AM,3:41 PM,8.27,Parent/Guardian,Parent/Guardian
Child 0264,Threes,09/02/2026,7:10 AM,3:13 PM,8.05,Parent/Guardian,Parent/Guardian
Child 0266,Threes,09/02/2026,8:09 AM,12:34 PM,4.42,Parent/Guardian,Parent/Guardian
Child 0267,Threes,09/02/2026,7:32 AM,3:52 PM,8.33,Parent/Guardian,Parent/Guardian
Child 0268,Threes,09/02/2026,8:38 AM,4:42 PM,8.07,Parent/Guardian,Parent/Guardian
Child 0270,Threes,09/02/2026,7:41 AM,5:14 PM,9.55,Parent/Guardian,Parent/Guardian
Child 0271,Threes,09/02/2026,7:14 AM,5:06 PM,9.87,Parent/Guardian,Parent/Guardian
Child 0276,Threes,09/02/2026,7:54 AM,12:50 PM,4.93,Parent/Guardian,Parent/Guardian
Child 0280,Threes,09/02/2026,7:46 AM,3:58 PM,8.20,Parent/Guardian,Parent/Guardian
Child 0281,Threes,09/02/2026,9:02 AM,5:44 PM,8.70,Parent/Guardian,Parent/Guardian
Child 0282,Threes,09/02/2026,7:29 AM,4:42 PM,9.22,Parent/Guardian,Parent/Guardian
Child 0284,Fours A,09/02/2026,8:39 AM,3:24 PM,6.75,Parent/Guardian,Parent/Guardian
Child 0289,Fours A,09/02/2026,7:38 AM,5:42 PM,10.07,Parent/Guardian,Parent/Guardian
Child 0292,Fours A,09/02/2026,8:43 AM,4:19 PM,7.60,Parent/Guardian,Parent/Guardian
Child 0294,Fours A,09/02/2026,8:52 AM,5:16 PM,8.40,Parent/Guardian,Parent/Guardian
Child 0298,Fours A,09/02/2026,8:14 AM,12:26 PM,4.20,Parent/Guardian,Parent/Guardian
Child 0303,Fours A,09/02/2026,7:39 AM,4:08 PM,8.48,Parent/Guardian,Parent/Guardian
Child 0305,Fours A,09/02/2026,8:02 AM,6:00 PM,9.97,Parent/Guardian,Parent/Guardian
Child 0306,Fours A,09/02/2026,7:46 AM,3:59 PM,8.22,Parent/Guardian,Parent/Guardian
Child 0310,Fours A,09/02/2026,8:57 AM,5:40 PM,8.72,Parent/Guardian,Parent/Guardian
Child 0314,Fours A,09/02/2026,8:41 AM,4:53 PM,8.20,Parent/Guardian,Parent/Guardian
Child 0316,Fours A,09/02/2026,8:20 AM,3:38 PM,7.30,Parent/Guardian,Parent/Guardian
Child 0319,Fours A,09/02/2026,9:17 AM,12:31 PM,3.23,Parent/Guardian,Parent/Guardian
Child 0322,Fours A,09/02/2026,7:45 AM,4:59 PM,9.23,Parent/Guardian,Parent/Guardian
Child 0325,Fours A,09/02/2026,7:08 AM,12:31 PM,5.38,Parent/Guardian,Parent/Guardian
Child 0328,Fours A,09/02/2026,7:32 AM,4:51 PM,9.32,Parent/Guardian,Parent/Guardian
Child 0331,Fours A,09/02/2026,7:48 AM,5:59 PM,10.18,Parent/Guardian,Parent/Guardian
Child 0332,Fours A,09/02/2026,7:45 AM,4:45 PM,9.00,Parent/Guardian,Parent/Guardian
Child 0334,Fours A,09/02/2026,7:49 AM,4:39 PM,8.83,Parent/Guardian,Parent/Guardian
Child 0338,Fours A,09/02/2026,7:15 AM,3:50 PM,8.58,Parent/Guardian,Parent/Guardian
Child 0339,Fours A,09/02/2026,7:29 AM,3:58 PM,8.48,Parent/Guardian,Parent/Guardian
Child 0343,Fours A,09/02/2026,7:46 AM,3:20 PM,7.57,Parent/Guardian,Parent/Guardian
Child 0345,Fours B,09/02/2026,9:23 AM,5:07 PM,7.73,Parent/Guardian,Parent/Guardian
Child 0347,Fours B,09/02/2026,9:02 AM,4:00 PM,6.97,Parent/Guardian,Parent/Guardian
Child 0348,Fours B,09/02/2026,8:21 AM,3:58 PM,7.62,Parent/Guardian,Parent/Guardian
Child 0350,Fours B,09/02/2026,8:16 AM,4:26 PM,8.17,Parent/Guardian,Parent/Guardian
Child 0354,Fours B,09/02/2026,8:06 AM,3:42 PM,7.60,Parent/Guardian,Parent/Guardian
Child 0356,Fours B,09/02/2026,7:50 AM,5:18 PM,9.47,Parent/Guardian,Parent/Guardian
Child 0357,Fours B,09/02/2026,8:08 AM,4:30 PM,8.37,Parent/Guardian,Parent/Guardian
Child 0358,Fours B,09/02/2026,8:02 AM,4:00 PM,7.97,Parent/Guardian,Parent/Guardian
Child 0362,Fours B,09/02/2026,7:34 AM,5:19 PM,9.75,Parent/Guardian,Parent/Guardian
Child 0363,Fours B,09/02/2026,7:22 AM,12:17 PM,4.92,Parent/Guardian,Parent/Guardian
Child 0366,Fours B,09/02/2026,7:30 AM,3:56 PM,8.43,Parent/Guardian,Parent/Guardian
Child 0374,Fours B,09/02/2026,7:52 AM,5:42 PM,9.83,Parent/Guardian,Parent/Guardian
Child 0375,Fours B,09/02/2026,8:28 AM,4:19 PM,7.85,Parent/Guardian,Parent/Guardian
Child 0379,Fours B,09/02/2026,8:32 AM,5:03 PM,8.52,Parent/Guardian,Parent/Guardian
Child 0383,Fours B,09/02/2026,8:50 AM,4:53 PM,8.05,Parent/Guardian,Parent/Guardian
Child 0384,Fours B,09/02/2026,7:26 AM,4:40 PM,9.23,Parent/Guardian,Parent/Guardian
Child 0386,Fours B,09/02/2026,7:14 AM,4:29 PM,9.25,Parent/Guardian,Parent/Guardian
Child 0389,Fours B,09/02/2026,7:59 AM,6:00 PM,10.02,Parent/Guardian,Parent/Guardian
Child 0390,Fours B,09/02/2026,9:08 AM,4:18 PM,7.17,Parent/Guardian,Parent/Guardian
Child 0104,Infants A,09/03/2026,8:02 AM,5:11 PM,9.15,Parent/Guardian,Parent/Guardian
Child 0109,Infants A,09/03/2026,8:45 AM,5:16 PM,8.52,Parent/Guardian,Parent/Guardian
Child 0110,Infants A,09/03/2026,7:48 AM,4:54 PM,9.10,Parent/Guardian,Parent/Guardian
Child 0111,Infants A,09/03/2026,7:37 AM,4:54 PM,9.28,Parent/Guardian,Parent/Guardian
Child 0112,Infants A,09/03/2026,7:22 AM,4:48 PM,9.43,Parent/Guardian,Parent/Guardian
Child 0113,Infants A,09/03/2026,6:41 AM,4:28 PM,9.78,Parent/Guardian,Parent/Guardian
Child 0114,Infants A,09/03/2026,6:54 AM,4:44 PM,9.83,Parent/Guardian,Parent/Guardian
Child 0118,Infants B,09/03/2026,8:03 AM,3:44 PM,7.68,Parent/Guardian,Parent/Guardian
Child 0121,Infants B,09/03/2026,7:47 AM,6:00 PM,10.22,Parent/Guardian,Parent/Guardian
Child 0123,Infants B,09/03/2026,8:32 AM,5:17 PM,8.75,Parent/Guardian,Parent/Guardian
Child 0126,Infants B,09/03/2026,7:50 AM,4:35 PM,8.75,Parent/Guardian,Parent/Guardian
Child 0127,Infants B,09/03/2026,7:25 AM,4:39 PM,9.23,Parent/Guardian,Parent/Guardian
Child 0131,Infants B,09/03/2026,6:43 AM,5:52 PM,11.15,Parent/Guardian,Parent/Guardian
Child 0134,Infants B,09/03/2026,7:40 AM,5:14 PM,9.57,Parent/Guardian,Parent/Guardian
Child 0138,Infants B,09/03/2026,8:14 AM,5:05 PM,8.85,Parent/Guardian,Parent/Guardian
Child 0139,Ones,09/03/2026,8:42 AM,5:05 PM,8.38,Parent/Guardian,Parent/Guardian
Child 0143,Ones,09/03/2026,7:56 AM,5:32 PM,9.60,Parent/Guardian,Parent/Guardian
Child 0144,Ones,09/03/2026,8:49 AM,4:20 PM,7.52,Parent/Guardian,Parent/Guardian
Child 0148,Ones,09/03/2026,8:52 AM,5:36 PM,8.73,Parent/Guardian,Parent/Guardian
Child 0150,Ones,09/03/2026,6:55 AM,6:00 PM,11.08,Parent/Guardian,Parent/Guardian
Child 0159,Ones,09/03/2026,7:45 AM,4:17 PM,8.53,Parent/Guardian,Parent/Guardian
Child 0160,Ones,09/03/2026,8:11 AM,4:41 PM,8.50,Parent/Guardian,Parent/Guardian
Child 0164,Ones,09/03/2026,7:44 AM,4:56 PM,9.20,Parent/Guardian,Parent/Guardian
Child 0166,Ones,09/03/2026,7:11 AM,4:57 PM,9.77,Parent/Guardian,Parent/Guardian
Child 0168,Twos A,09/03/2026,7:54 AM,3:31 PM,7.62,Parent/Guardian,Parent/Guardian
Child 0169,Twos A,09/03/2026,6:30 AM,5:27 PM,10.95,Parent/Guardian,Parent/Guardian
Child 0173,Twos A,09/03/2026,7:31 AM,5:17 PM,9.77,Parent/Guardian,Parent/Guardian
Child 0177,Twos A,09/03/2026,8:02 AM,4:53 PM,8.85,Parent/Guardian,Parent/Guardian
Child 0179,Twos A,09/03/2026,8:37 AM,5:34 PM,8.95,Parent/Guardian,Parent/Guardian
Child 0181,Twos A,09/03/2026,6:30 AM,4:38 PM,10.13,Parent/Guardian,Parent/Guardian
Child 0182,Twos A,09/03/2026,8:42 AM,4:11 PM,7.48,Parent/Guardian,Parent/Guardian
Child 0185,Twos A,09/03/2026,8:59 AM,4:42 PM,7.72,Parent/Guardian,Parent/Guardian
Child 0186,Twos A,09/03/2026,9:25 AM,3:04 PM,5.65,Parent/Guardian,Parent/Guardian
Child 0190,Twos A,09/03/2026,7:51 AM,4:49 PM,8.97,Parent/Guardian,Parent/Guardian
Child 0193,Twos A,09/03/2026,7:16 AM,5:25 PM,10.15,Parent/Guardian,Parent/Guardian
Child 0195,Twos A,09/03/2026,8:55 AM,4:24 PM,7.48,Parent/Guardian,Parent/Guardian
Child 0196,Twos A,09/03/2026,8:09 AM,3:54 PM,7.75,Parent/Guardian,Parent/Guardian
Child 0197,Twos A,09/03/2026,7:46 AM,4:17 PM,8.52,Parent/Guardian,Parent/Guardian
Child 0204,Twos B,09/03/2026,8:34 AM,3:31 PM,6.95,Parent/Guardian,Parent/Guardian
Child 0206,Twos B,09/03/2026,8:21 AM,5:35 PM,9.23,Parent/Guardian,Parent/Guardian
Child 0207,Twos B,09/03/2026,8:14 AM,3:35 PM,7.35,Parent/Guardian,Parent/Guardian
Child 0210,Twos B,09/03/2026,6:48 AM,5:36 PM,10.80,Parent/Guardian,Parent/Guardian
Child 0213,Twos B,09/03/2026,8:18 AM,4:44 PM,8.43,Parent/Guardian,Parent/Guardian
Child 0216,Twos B,09/03/2026,8:21 AM,6:00 PM,9.65,Parent/Guardian,Parent/Guardian
Child 0217,Twos B,09/03/2026,7:13 AM,5:09 PM,9.93,Parent/Guardian,Parent/Guardian
Child 0220,Twos B,09/03/2026,6:58 AM,4:54 PM,9.93,Parent/Guardian,Parent/Guardian
Child 0223,Twos B,09/03/2026,9:21 AM,5:18 PM,7.95,Parent/Guardian,Parent/Guardian
Child 0227,Twos B,09/03/2026,6:40 AM,5:57 PM,11.28,Parent/Guardian,Parent/Guardian
Child 0229,Twos B,09/03/2026,7:49 AM,4:46 PM,8.95,Parent/Guardian,Parent/Guardian
Child 0233,Twos B,09/03/2026,8:00 AM,4:32 PM,8.53,Parent/Guardian,Parent/Guardian
Child 0237,Twos B,09/03/2026,7:38 AM,4:31 PM,8.88,Parent/Guardian,Parent/Guardian
Child 0239,Threes,09/03/2026,8:52 AM,5:05 PM,8.22,Parent/Guardian,Parent/Guardian
Child 0241,Threes,09/03/2026,6:55 AM,5:35 PM,10.67,Parent/Guardian,Parent/Guardian
Child 0244,Threes,09/03/2026,8:08 AM,5:55 PM,9.78,Parent/Guardian,Parent/Guardian
Child 0248,Threes,09/03/2026,8:01 AM,4:24 PM,8.38,Parent/Guardian,Parent/Guardian
Child 0252,Threes,09/03/2026,8:18 AM,12:27 PM,4.15,Parent/Guardian,Parent/Guardian
Child 0253,Threes,09/03/2026,8:51 AM,3:56 PM,7.08,Parent/Guardian,Parent/Guardian
Child 0255,Threes,09/03/2026,8:19 AM,5:56 PM,9.62,Parent/Guardian,Parent/Guardian
Child 0258,Threes,09/03/2026,7:35 AM,3:49 PM,8.23,Parent/Guardian,Parent/Guardian
Child 0259,Threes,09/03/2026,8:14 AM,5:17 PM,9.05,Parent/Guardian,Parent/Guardian
Child 0260,Threes,09/03/2026,8:20 AM,3:18 PM,6.97,Parent/Guardian,Parent/Guardian
Child 0262,Threes,09/03/2026,7:47 AM,4:07 PM,8.33,Parent/Guardian,Parent/Guardian
Child 0264,Threes,09/03/2026,7:32 AM,3:19 PM,7.78,Parent/Guardian,Parent/Guardian
Child 0266,Threes,09/03/2026,8:30 AM,12:30 PM,4.00,Parent/Guardian,Parent/Guardian
Child 0267,Threes,09/03/2026,7:41 AM,4:02 PM,8.35,Parent/Guardian,Parent/Guardian
Child 0268,Threes,09/03/2026,8:19 AM,4:44 PM,8.42,Parent/Guardian,Parent/Guardian
Child 0271,Threes,09/03/2026,7:33 AM,5:45 PM,10.20,Parent/Guardian,Parent/Guardian
Child 0273,Threes,09/03/2026,7:28 AM,2:23 PM,6.92,Parent/Guardian,Parent/Guardian
Child 0276,Threes,09/03/2026,7:36 AM,1:09 PM,5.55,Parent/Guardian,Parent/Guardian
Child 0280,Threes,09/03/2026,7:40 AM,4:12 PM,8.53,Parent/Guardian,Parent/Guardian
Child 0281,Threes,09/03/2026,9:02 AM,5:45 PM,8.72,Parent/Guardian,Parent/Guardian
Child 0282,Threes,09/03/2026,8:00 AM,4:56 PM,8.93,Parent/Guardian,Parent/Guardian
Child 0284,Fours A,09/03/2026,8:47 AM,3:55 PM,7.13,Parent/Guardian,Parent/Guardian
Child 0288,Fours A,09/03/2026,8:47 AM,6:00 PM,9.22,Parent/Guardian,Parent/Guardian
Child 0289,Fours A,09/03/2026,7:46 AM,5:40 PM,9.90,Parent/Guardian,Parent/Guardian
Child 0294,Fours A,09/03/2026,9:33 AM,5:18 PM,7.75,Parent/Guardian,Parent/Guardian
Child 0298,Fours A,09/03/2026,8:18 AM,12:32 PM,4.23,Parent/Guardian,Parent/Guardian
Child 0300,Fours A,09/03/2026,9:29 AM,3:57 PM,6.47,Parent/Guardian,Parent/Guardian
Child 0303,Fours A,09/03/2026,6:52 AM,3:53 PM,9.02,Parent/Guardian,Parent/Guardian
Child 0305,Fours A,09/03/2026,7:47 AM,5:53 PM,10.10,Parent/Guardian,Parent/Guardian
Child 0306,Fours A,09/03/2026,7:39 AM,4:02 PM,8.38,Parent/Guardian,Parent/Guardian
Child 0310,Fours A,09/03/2026,8:56 AM,5:48 PM,8.87,Parent/Guardian,Parent/Guardian
Child 0314,Fours A,09/03/2026,8:22 AM,4:47 PM,8.42,Parent/Guardian,Parent/Guardian
Child 0316,Fours A,09/03/2026,8:24 AM,3:19 PM,6.92,Parent/Guardian,Parent/Guardian
Child 0319,Fours A,09/03/2026,9:06 AM,12:33 PM,3.45,Parent/Guardian,Parent/Guardian
Child 0322,Fours A,09/03/2026,7:56 AM,4:58 PM,9.03,Parent/Guardian,Parent/Guardian
Child 0325,Fours A,09/03/2026,7:01 AM,12:04 PM,5.05,Parent/Guardian,Parent/Guardian
Child 0328,Fours A,09/03/2026,7:27 AM,4:45 PM,9.30,Parent/Guardian,Parent/Guardian
Child 0331,Fours A,09/03/2026,7:52 AM,6:00 PM,10.13,Parent/Guardian,Parent/Guardian
Child 0332,Fours A,09/03/2026,8:04 AM,5:04 PM,9.00,Parent/Guardian,Parent/Guardian
Child 0334,Fours A,09/03/2026,7:55 AM,5:04 PM,9.15,Parent/Guardian,Parent/Guardian
Child 0338,Fours A,09/03/2026,7:15 AM,4:22 PM,9.12,Parent/Guardian,Parent/Guardian
Child 0339,Fours A,09/03/2026,7:02 AM,4:29 PM,9.45,Parent/Guardian,Parent/Guardian
Child 0345,Fours B,09/03/2026,9:05 AM,5:38 PM,8.55,Parent/Guardian,Parent/Guardian
Child 0347,Fours B,09/03/2026,8:37 AM,4:13 PM,7.60,Parent/Guardian,Parent/Guardian
Child 0348,Fours B,09/03/2026,8:26 AM,4:03 PM,7.62,Parent/Guardian,Parent/Guardian
Child 0350,Fours B,09/03/2026,8:12 AM,4:54 PM,8.70,Parent/Guardian,Parent/Guardian
Child 0354,Fours B,09/03/2026,8:19 AM,4:13 PM,7.90,Parent/Guardian,Parent/Guardian
Child 0357,Fours B,09/03/2026,7:55 AM,4:43 PM,8.80,Parent/Guardian,Parent/Guardian
Child 0358,Fours B,09/03/2026,8:14 AM,4:09 PM,7.92,Parent/Guardian,Parent/Guardian
Child 0362,Fours B,09/03/2026,7:16 AM,4:41 PM,9.42,Parent/Guardian,Parent/Guardian
Child 0363,Fours B,09/03/2026,7:19 AM,12:29 PM,5.17,Parent/Guardian,Parent/Guardian
Child 0366,Fours B,09/03/2026,7:36 AM,4:15 PM,8.65,Parent/Guardian,Parent/Guardian
Child 0370,Fours B,09/03/2026,8:36 AM,5:10 PM,8.57,Parent/Guardian,Parent/Guardian
Child 0374,Fours B,09/03/2026,8:23 AM,5:41 PM,9.30,Parent/Guardian,Parent/Guardian
Child 0379,Fours B,09/03/2026,8:52 AM,5:19 PM,8.45,Parent/Guardian,Parent/Guardian
Child 0383,Fours B,09/03/2026,8:47 AM,4:56 PM,8.15,Parent/Guardian,Parent/Guardian
Child 0384,Fours B,09/03/2026,7:59 AM,4:43 PM,8.73,Parent/Guardian,Parent/Guardian
Child 0386,Fours B,09/03/2026,7:01 AM,4:02 PM,9.02,Parent/Guardian,Parent/Guardian
Child 0389,Fours B,09/03/2026,8:25 AM,6:00 PM,9.58,Parent/Guardian,Parent/Guardian
Child 0390,Fours B,09/03/2026,8:58 AM,4:45 PM,7.78,Parent/Guardian,Parent/Guardian
Child 0105,Infants A,09/04/2026,8:22 AM,4:41 PM,8.32,Parent/Guardian,Parent/Guardian
Child 0109,Infants A,09/04/2026,8:59 AM,4:55 PM,7.93,Parent/Guardian,Parent/Guardian
Child 0110,Infants A,09/04/2026,6:49 AM,4:21 PM,9.53,Parent/Guardian,Parent/Guardian
Child 0112,Infants A,09/04/2026,7:15 AM,4:13 PM,8.97,Parent/Guardian,Parent/Guardian
Child 0113,Infants A,09/04/2026,7:03 AM,3:40 PM,8.62,Parent/Guardian,Parent/Guardian
Child 0114,Infants A,09/04/2026,7:09 AM,4:21 PM,9.20,Parent/Guardian,Parent/Guardian
Child 0118,Infants B,09/04/2026,7:57 AM,3:31 PM,7.57,Parent/Guardian,Parent/Guardian
Child 0121,Infants B,09/04/2026,7:35 AM,5:18 PM,9.72,Parent/Guardian,Parent/Guardian
Child 0123,Infants B,09/04/2026,8:22 AM,4:29 PM,8.12,Parent/Guardian,Parent/Guardian
Child 0126,Infants B,09/04/2026,8:03 AM,4:06 PM,8.05,Parent/Guardian,Parent/Guardian
Child 0127,Infants B,09/04/2026,7:42 AM,4:20 PM,8.63,Parent/Guardian,Parent/Guardian
Child 0138,Infants B,09/04/2026,8:15 AM,3:57 PM,7.70,Parent/Guardian,Parent/Guardian
Child 0143,Ones,09/04/2026,8:04 AM,4:51 PM,8.78,Parent/Guardian,Parent/Guardian
Child 0144,Ones,09/04/2026,8:41 AM,4:04 PM,7.38,Parent/Guardian,Parent/Guardian
Child 0148,Ones,09/04/2026,8:52 AM,5:01 PM,8.15,Parent/Guardian,Parent/Guardian
Child 0152,Ones,09/04/2026,6:59 AM,5:00 PM,10.02,Parent/Guardian,Parent/Guardian
Child 0156,Ones,09/04/2026,8:15 AM,3:56 PM,7.68,Parent/Guardian,Parent/Guardian
Child 0159,Ones,09/04/2026,7:35 AM,3:42 PM,8.12,Parent/Guardian,Parent/Guardian
Child 0160,Ones,09/04/2026,8:22 AM,4:37 PM,8.25,Parent/Guardian,Parent/Guardian
Child 0164,Ones,09/04/2026,8:09 AM,4:25 PM,8.27,Parent/Guardian,Parent/Guardian
Child 0166,Ones,09/04/2026,7:21 AM,4:17 PM,8.93,Parent/Guardian,Parent/Guardian
Child 0168,Twos A,09/04/2026,7:59 AM,3:32 PM,7.55,Parent/Guardian,Parent/Guardian
Child 0169,Twos A,09/04/2026,6:39 AM,4:42 PM,10.05,Parent/Guardian,Parent/Guardian
Child 0173,Twos A,09/04/2026,7:53 AM,4:56 PM,9.05,Parent/Guardian,Parent/Guardian
Child 0177,Twos A,09/04/2026,8:56 AM,4:32 PM,7.60,Parent/Guardian,Parent/Guardian
Child 0179,Twos A,09/04/2026,8:30 AM,5:01 PM,8.52,Parent/Guardian,Parent/Guardian
Child 0181,Twos A,09/04/2026,6:38 AM,4:20 PM,9.70,Parent/Guardian,Parent/Guardian
Child 0182,Twos A,09/04/2026,8:57 AM,3:27 PM,6.50,Parent/Guardian,Parent/Guardian
Child 0185,Twos A,09/04/2026,8:34 AM,4:30 PM,7.93,Parent/Guardian,Parent/Guardian
Child 0186,Twos A,09/04/2026,9:10 AM,2:32 PM,5.37,Parent/Guardian,Parent/Guardian
Child 0190,Twos A,09/04/2026,7:56 AM,4:30 PM,8.57,Parent/Guardian,Parent/Guardian
Child 0193,Twos A,09/04/2026,7:02 AM,4:42 PM,9.67,Parent/Guardian,Parent/Guardian
Child 0196,Twos A,09/04/2026,7:55 AM,3:22 PM,7.45,Parent/Guardian,Parent/Guardian
Child 0197,Twos A,09/04/2026,7:56 AM,3:42 PM,7.77,Parent/Guardian,Parent/Guardian
Child 0199,Twos A,09/04/2026,7:38 AM,4:26 PM,8.80,Parent/Guardian,Parent/Guardian
Child 0202,Twos A,09/04/2026,7:22 AM,3:50 PM,8.47,Parent/Guardian,Parent/Guardian
Child 0204,Twos B,09/04/2026,8:46 AM,3:02 PM,6.27,Parent/Guardian,Parent/Guardian
Child 0210,Twos B,09/04/2026,6:30 AM,4:46 PM,10.27,Parent/Guardian,Parent/Guardian
Child 0213,Twos B,09/04/2026,8:24 AM,4:21 PM,7.95,Parent/Guardian,Parent/Guardian
Child 0216,Twos B,09/04/2026,8:17 AM,5:29 PM,9.20,Parent/Guardian,Parent/Guardian
Child 0218,Twos B,09/04/2026,7:58 AM,3:51 PM,7.88,Parent/Guardian,Parent/Guardian
Child 0220,Twos B,09/04/2026,7:28 AM,4:28 PM,9.00,Parent/Guardian,Parent/Guardian
Child 0223,Twos B,09/04/2026,9:46 AM,5:35 PM,7.82,Parent/Guardian,Parent/Guardian
Child 0229,Twos B,09/04/2026,8:03 AM,4:17 PM,8.23,Parent/Guardian,Parent/Guardian
Child 0233,Twos B,09/04/2026,8:13 AM,3:46 PM,7.55,Parent/Guardian,Parent/Guardian
Child 0237,Twos B,09/04/2026,7:43 AM,4:01 PM,8.30,Parent/Guardian,Parent/Guardian
Child 0239,Threes,09/04/2026,9:05 AM,4:30 PM,7.42,Parent/Guardian,Parent/Guardian
Child 0241,Threes,09/04/2026,6:47 AM,5:00 PM,10.22,Parent/Guardian,Parent/Guardian
Child 0244,Threes,09/04/2026,8:28 AM,5:23 PM,8.92,Parent/Guardian,Parent/Guardian
Child 0248,Threes,09/04/2026,8:01 AM,4:34 PM,8.55,Parent/Guardian,Parent/Guardian
Child 0252,Threes,09/04/2026,8:46 AM,12:24 PM,3.63,Parent/Guardian,Parent/Guardian
Child 0253,Threes,09/04/2026,9:03 AM,3:25 PM,6.37,Parent/Guardian,Parent/Guardian
Child 0255,Threes,09/04/2026,8:30 AM,5:14 PM,8.73,Parent/Guardian,Parent/Guardian
Child 0258,Threes,09/04/2026,7:56 AM,3:27 PM,7.52,Parent/Guardian,Parent/Guardian
Child 0259,Threes,09/04/2026,7:40 AM,4:42 PM,9.03,Parent/Guardian,Parent/Guardian
Child 0260,Threes,09/04/2026,7:54 AM,2:41 PM,6.78,Parent/Guardian,Parent/Guardian
Child 0262,Threes,09/04/2026,7:58 AM,3:07 PM,7.15,Parent/Guardian,Parent/Guardian
Child 0264,Threes,09/04/2026,7:30 AM,3:34 PM,8.07,Parent/Guardian,Parent/Guardian
Child 0266,Threes,09/04/2026,8:18 AM,12:17 PM,3.98,Parent/Guardian,Parent/Guardian
Child 0267,Threes,09/04/2026,7:50 AM,3:52 PM,8.03,Parent/Guardian,Parent/Guardian
Child 0268,Threes,09/04/2026,8:07 AM,4:12 PM,8.08,Parent/Guardian,Parent/Guardian
Child 0270,Threes,09/04/2026,7:45 AM,4:31 PM,8.77,Parent/Guardian,Parent/Guardian
Child 0271,Threes,09/04/2026,7:19 AM,4:41 PM,9.37,Parent/Guardian,Parent/Guardian
Child 0273,Threes,09/04/2026,6:58 AM,2:07 PM,7.15,Parent/Guardian,Parent/Guardian
Child 0280,Threes,09/04/2026,7:49 AM,3:26 PM,7.62,Parent/Guardian,Parent/Guardian
Child 0281,Threes,09/04/2026,9:16 AM,5:28 PM,8.20,Parent/Guardian,Parent/Guardian
Child 0284,Fours A,09/04/2026,8:33 AM,3:25 PM,6.87,Parent/Guardian,Parent/Guardian
Child 0289,Fours A,09/04/2026,7:43 AM,5:41 PM,9.97,Parent/Guardian,Parent/Guardian
Child 0292,Fours A,09/04/2026,8:33 AM,3:44 PM,7.18,Parent/Guardian,Parent/Guardian
Child 0294,Fours A,09/04/2026,9:21 AM,4:32 PM,7.18,Parent/Guardian,Parent/Guardian
Child 0298,Fours A,09/04/2026,8:30 AM,12:01 PM,3.52,Parent/Guardian,Parent/Guardian
Child 0300,Fours A,09/04/2026,9:06 AM,3:27 PM,6.35,Parent/Guardian,Parent/Guardian
Child 0303,Fours A,09/04/2026,7:34 AM,4:04 PM,8.50,Parent/Guardian,Parent/Guardian
Child 0305,Fours A,09/04/2026,8:03 AM,5:32 PM,9.48,Parent/Guardian,Parent/Guardian
Child 0306,Fours A,09/04/2026,8:04 AM,3:07 PM,7.05,Parent/Guardian,Parent/Guardian
Child 0310,Fours A,09/04/2026,9:02 AM,5:09 PM,8.12,Parent/Guardian,Parent/Guardian
Child 0314,Fours A,09/04/2026,8:42 AM,4:09 PM,7.45,Parent/Guardian,Parent/Guardian
Child 0316,Fours A,09/04/2026,8:22 AM,3:28 PM,7.10,Parent/Guardian,Parent/Guardian
Child 0319,Fours A,09/04/2026,9:11 AM,11:43 AM,2.53,Parent/Guardian,Parent/Guardian
Child 0322,Fours A,09/04/2026,7:41 AM,4:26 PM,8.75,Parent/Guardian,Parent/Guardian
Child 0325,Fours A,09/04/2026,7:04 AM,12:02 PM,4.97,Parent/Guardian,Parent/Guardian
Child 0332,Fours A,09/04/2026,8:04 AM,4:27 PM,8.38,Parent/Guardian,Parent/Guardian
Child 0334,Fours A,09/04/2026,7:34 AM,4:36 PM,9.03,Parent/Guardian,Parent/Guardian
Child 0339,Fours A,09/04/2026,6:54 AM,3:36 PM,8.70,Parent/Guardian,Parent/Guardian
Child 0343,Fours A,09/04/2026,8:02 AM,3:19 PM,7.28,Parent/Guardian,Parent/Guardian
Child 0345,Fours B,09/04/2026,9:20 AM,4:47 PM,7.45,Parent/Guardian,Parent/Guardian
Child 0347,Fours B,09/04/2026,8:56 AM,4:12 PM,7.27,Parent/Guardian,Parent/Guardian
Child 0348,Fours B,09/04/2026,8:39 AM,3:39 PM,7.00,Parent/Guardian,Parent/Guardian
Child 0354,Fours B,09/04/2026,8:28 AM,3:46 PM,7.30,Parent/Guardian,Parent/Guardian
Child 0356,Fours B,09/04/2026,7:56 AM,4:34 PM,8.63,Parent/Guardian,Parent/Guardian
Child 0357,Fours B,09/04/2026,7:59 AM,4:05 PM,8.10,Parent/Guardian,Parent/Guardian
Child 0358,Fours B,09/04/2026,8:25 AM,3:47 PM,7.37,Parent/Guardian,Parent/Guardian
Child 0362,Fours B,09/04/2026,7:24 AM,4:21 PM,8.95,Parent/Guardian,Parent/Guardian
Child 0363,Fours B,09/04/2026,7:04 AM,12:05 PM,5.02,Parent/Guardian,Parent/Guardian
Child 0366,Fours B,09/04/2026,7:26 AM,3:42 PM,8.27,Parent/Guardian,Parent/Guardian
Child 0370,Fours B,09/04/2026,8:16 AM,4:52 PM,8.60,Parent/Guardian,Parent/Guardian
Child 0374,Fours B,09/04/2026,7:49 AM,5:32 PM,9.72,Parent/Guardian,Parent/Guardian
Child 0375,Fours B,09/04/2026,8:57 AM,3:59 PM,7.03,Parent/Guardian,Parent/Guardian
Child 0379,Fours B,09/04/2026,8:31 AM,4:21 PM,7.83,Parent/Guardian,Parent/Guardian
Child 0383,Fours B,09/04/2026,8:36 AM,4:51 PM,8.25,Parent/Guardian,Parent/Guardian
Child 0389,Fours B,09/04/2026,8:17 AM,5:38 PM,9.35,Parent/Guardian,Parent/Guardian
Child 0105,Infants A,09/07/2026,8:49 AM,5:29 PM,8.67,Parent/Guardian,Parent/Guardian
Child 0109,Infants A,09/07/2026,8:46 AM,5:11 PM,8.42,Parent/Guardian,Parent/Guardian
Child 0110,Infants A,09/07/2026,7:17 AM,4:29 PM,9.20,Parent/Guardian,Parent/Guardian
Child 0111,Infants A,09/07/2026,7:50 AM,4:13 PM,8.38,Parent/Guardian,Parent/Guardian
Child 0112,Infants A,09/07/2026,6:55 AM,3:58 PM,9.05,Parent/Guardian,Parent/Guardian
Child 0113,Infants A,09/07/2026,7:09 AM,4:19 PM,9.17,Parent/Guardian,Parent/Guardian
Child 0114,Infants A,09/07/2026,6:54 AM,4:41 PM,9.78,Parent/Guardian,Parent/Guardian
Child 0118,Infants B,09/07/2026,8:08 AM,4:05 PM,7.95,Parent/Guardian,Parent/Guardian
Child 0121,Infants B,09/07/2026,7:41 AM,6:00 PM,10.32,Parent/Guardian,Parent/Guardian
Child 0123,Infants B,09/07/2026,8:34 AM,4:46 PM,8.20,Parent/Guardian,Parent/Guardian
Child 0126,Infants B,09/07/2026,8:10 AM,4:24 PM,8.23,Parent/Guardian,Parent/Guardian
Child 0131,Infants B,09/07/2026,6:34 AM,5:11 PM,10.62,Parent/Guardian,Parent/Guardian
Child 0134,Infants B,09/07/2026,7:27 AM,5:11 PM,9.73,Parent/Guardian,Parent/Guardian
Child 0138,Infants B,09/07/2026,8:20 AM,4:53 PM,8.55,Parent/Guardian,Parent/Guardian
Child 0139,Ones,09/07/2026,8:44 AM,5:17 PM,8.55,Parent/Guardian,Parent/Guardian
Child 0143,Ones,09/07/2026,8:01 AM,5:26 PM,9.42,Parent/Guardian,Parent/Guardian
Child 0144,Ones,09/07/2026,8:16 AM,4:37 PM,8.35,Parent/Guardian,Parent/Guardian
Child 0148,Ones,09/07/2026,8:48 AM,5:15 PM,8.45,Parent/Guardian,Parent/Guardian
Child 0150,Ones,09/07/2026,6:33 AM,5:38 PM,11.08,Parent/Guardian,Parent/Guardian
Child 0152,Ones,09/07/2026,7:18 AM,5:03 PM,9.75,Parent/Guardian,Parent/Guardian
Child 0156,Ones,09/07/2026,8:12 AM,4:13 PM,8.02,Parent/Guardian,Parent/Guardian
Child 0159,Ones,09/07/2026,7:47 AM,4:17 PM,8.50,Parent/Guardian,Parent/Guardian
Child 0160,Ones,09/07/2026,8:16 AM,5:12 PM,8.93,Parent/Guardian,Parent/Guardian
Child 0164,Ones,09/07/2026,8:26 AM,4:35 PM,8.15,Parent/Guardian,Parent/Guardian
Child 0166,Ones,09/07/2026,7:32 AM,4:39 PM,9.12,Parent/Guardian,Parent/Guardian
Child 0168,Twos A,09/07/2026,7:42 AM,3:52 PM,8.17,Parent/Guardian,Parent/Guardian
Child 0169,Twos A,09/07/2026,6:30 AM,5:24 PM,10.90,Parent/Guardian,Parent/Guardian
Child 0173,Twos A,09/07/2026,7:32 AM,5:03 PM,9.52,Parent/Guardian,Parent/Guardian
Child 0177,Twos A,09/07/2026,8:16 AM,4:58 PM,8.70,Parent/Guardian,Parent/Guardian
Child 0179,Twos A,09/07/2026,8:27 AM,5:07 PM,8.67,Parent/Guardian,Parent/Guardian
Child 0181,Twos A,09/07/2026,6:30 AM,4:21 PM,9.85,Parent/Guardian,Parent/Guardian
Child 0182,Twos A,09/07/2026,8:51 AM,4:02 PM,7.18,Parent/Guardian,Parent/Guardian
Child 0185,Twos A,09/07/2026,8:40 AM,5:08 PM,8.47,Parent/Guardian,Parent/Guardian
Child 0186,Twos A,09/07/2026,9:28 AM,2:51 PM,5.38,Parent/Guardian,Parent/Guardian
Child 0190,Twos A,09/07/2026,7:50 AM,5:18 PM,9.47,Parent/Guardian,Parent/Guardian
Child 0193,Twos A,09/07/2026,6:45 AM,5:07 PM,10.37,Parent/Guardian,Parent/Guardian
Child 0195,Twos A,09/07/2026,8:59 AM,4:07 PM,7.13,Parent/Guardian,Parent/Guardian
Child 0196,Twos A,09/07/2026,7:57 AM,4:31 PM,8.57,Parent/Guardian,Parent/Guardian
Child 0197,Twos A,09/07/2026,7:39 AM,4:20 PM,8.68,Parent/Guardian,Parent/Guardian
Child 0199,Twos A,09/07/2026,7:33 AM,5:01 PM,9.47,Parent/Guardian,Parent/Guardian
Child 0202,Twos A,09/07/2026,7:13 AM,4:01 PM,8.80,Parent/Guardian,Parent/Guardian
Child 0204,Twos B,09/07/2026,8:16 AM,3:57 PM,7.68,Parent/Guardian,Parent/Guardian
Child 0206,Twos B,09/07/2026,8:11 AM,5:50 PM,9.65,Parent/Guardian,Parent/Guardian
Child 0210,Twos B,09/07/2026,6:30 AM,5:13 PM,10.72,Parent/Guardian,Parent/Guardian
Child 0213,Twos B,09/07/2026,8:03 AM,5:06 PM,9.05,Parent/Guardian,Parent/Guardian
Child 0217,Twos B,09/07/2026,7:04 AM,4:50 PM,9.77,Parent/Guardian,Parent/Guardian
Child 0218,Twos B,09/07/2026,8:25 AM,4:50 PM,8.42,Parent/Guardian,Parent/Guardian
Child 0220,Twos B,09/07/2026,7:34 AM,5:17 PM,9.72,Parent/Guardian,Parent/Guardian
Child 0223,Twos B,09/07/2026,9:12 AM,5:14 PM,8.03,Parent/Guardian,Parent/Guardian
Child 0227,Twos B,09/07/2026,6:49 AM,6:00 PM,11.18,Parent/Guardian,Parent/Guardian
Child 0229,Twos B,09/07/2026,8:11 AM,4:40 PM,8.48,Parent/Guardian,Parent/Guardian
Child 0233,Twos B,09/07/2026,7:55 AM,4:23 PM,8.47,Parent/Guardian,Parent/Guardian
Child 0241,Threes,09/07/2026,6:42 AM,5:17 PM,10.58,Parent/Guardian,Parent/Guardian
Child 0244,Threes,09/07/2026,7:40 AM,5:26 PM,9.77,Parent/Guardian,Parent/Guardian
Child 0248,Threes,09/07/2026,8:00 AM,4:23 PM,8.38,Parent/Guardian,Parent/Guardian
Child 0252,Threes,09/07/2026,8:33 AM,12:18 PM,3.75,Parent/Guardian,Parent/Guardian
Child 0253,Threes,09/07/2026,8:40 AM,4:10 PM,7.50,Parent/Guardian,Parent/Guardian
Child 0255,Threes,09/07/2026,8:37 AM,5:46 PM,9.15,Parent/Guardian,Parent/Guardian
Child 0258,Threes,09/07/2026,7:32 AM,3:56 PM,8.40,Parent/Guardian,Parent/Guardian
Child 0259,Threes,09/07/2026,8:05 AM,4:55 PM,8.83,Parent/Guardian,Parent/Guardian
Child 0260,Threes,09/07/2026,7:57 AM,3:28 PM,7.52,Parent/Guardian,Parent/Guardian
Child 0266,Threes,09/07/2026,8:04 AM,12:30 PM,4.43,Parent/Guardian,Parent/Guardian
Child 0267,Threes,09/07/2026,7:51 AM,3:56 PM,8.08,Parent/Guardian,Parent/Guardian
Child 0268,Threes,09/07/2026,8:28 AM,4:20 PM,7.87,Parent/Guardian,Parent/Guardian
Child 0270,Threes,09/07/2026,7:27 AM,5:01 PM,9.57,Parent/Guardian,Parent/Guardian
Child 0271,Threes,09/07/2026,7:32 AM,5:18 PM,9.77,Parent/Guardian,Parent/Guardian
Child 0273,Threes,09/07/2026,7:32 AM,3:03 PM,7.52,Parent/Guardian,Parent/Guardian
Child 0280,Threes,09/07/2026,7:35 AM,4:10 PM,8.58,Parent/Guardian,Parent/Guardian
Child 0281,Threes,09/07/2026,9:09 AM,5:49 PM,8.67,Parent/Guardian,Parent/Guardian
Child 0284,Fours A,09/07/2026,8:34 AM,3:50 PM,7.27,Parent/Guardian,Parent/Guardian
Child 0288,Fours A,09/07/2026,8:37 AM,6:00 PM,9.38,Parent/Guardian,Parent/Guardian
Child 0289,Fours A,09/07/2026,7:39 AM,6:00 PM,10.35,Parent/Guardian,Parent/Guardian
Child 0292,Fours A,09/07/2026,8:49 AM,4:24 PM,7.58,Parent/Guardian,Parent/Guardian
Child 0294,Fours A,09/07/2026,9:14 AM,5:06 PM,7.87,Parent/Guardian,Parent/Guardian
Child 0298,Fours A,09/07/2026,8:06 AM,12:18 PM,4.20,Parent/Guardian,Parent/Guardian
Child 0300,Fours A,09/07/2026,9:37 AM,4:17 PM,6.67,Parent/Guardian,Parent/Guardian
Child 0305,Fours A,09/07/2026,7:46 AM,6:00 PM,10.23,Parent/Guardian,Parent/Guardian
Child 0306,Fours A,09/07/2026,8:15 AM,3:50 PM,7.58,Parent/Guardian,Parent/Guardian
Child 0310,Fours A,09/07/2026,8:51 AM,5:55 PM,9.07,Parent/Guardian,Parent/Guardian
Child 0314,Fours A,09/07/2026,8:29 AM,5:04 PM,8.58,Parent/Guardian,Parent/Guardian
Child 0316,Fours A,09/07/2026,8:16 AM,3:48 PM,7.53,Parent/Guardian,Parent/Guardian
Child 0319,Fours A,09/07/2026,9:15 AM,1:01 PM,3.77,Parent/Guardian,Parent/Guardian
Child 0325,Fours A,09/07/2026,7:08 AM,12:42 PM,5.57,Parent/Guardian,Parent/Guardian
Child 0328,Fours A,09/07/2026,7:17 AM,5:06 PM,9.82,Parent/Guardian,Parent/Guardian
Child 0331,Fours A,09/07/2026,8:19 AM,5:48 PM,9.48,Parent/Guardian,Parent/Guardian
Child 0332,Fours A,09/07/2026,8:06 AM,5:22 PM,9.27,Parent/Guardian,Parent/Guardian
Child 0334,Fours A,09/07/2026,7:53 AM,4:39 PM,8.77,Parent/Guardian,Parent/Guardian
Child 0338,Fours A,09/07/2026,7:21 AM,4:18 PM,8.95,Parent/Guardian,Parent/Guardian
Child 0339,Fours A,09/07/2026,7:15 AM,4:04 PM,8.82,Parent/Guardian,Parent/Guardian
Child 0343,Fours A,09/07/2026,8:17 AM,3:14 PM,6.95,Parent/Guardian,Parent/Guardian
Child 0345,Fours B,09/07/2026,9:08 AM,5:15 PM,8.12,Parent/Guardian,Parent/Guardian
Child 0347,Fours B,09/07/2026,9:11 AM,3:53 PM,6.70,Parent/Guardian,Parent/Guardian
Child 0348,Fours B,09/07/2026,8:31 AM,4:02 PM,7.52,Parent/Guardian,Parent/Guardian
Child 0350,Fours B,09/07/2026,8:21 AM,5:01 PM,8.67,Parent/Guardian,Parent/Guardian
Child 0354,Fours B,09/07/2026,8:17 AM,3:49 PM,7.53,Parent/Guardian,Parent/Guardian
Child 0356,Fours B,09/07/2026,7:57 AM,4:48 PM,8.85,Parent/Guardian,Parent/Guardian
Child 0357,Fours B,09/07/2026,7:55 AM,4:20 PM,8.42,Parent/Guardian,Parent/Guardian
Child 0358,Fours B,09/07/2026,8:19 AM,4:22 PM,8.05,Parent/Guardian,Parent/Guardian
Child 0362,Fours B,09/07/2026,7:35 AM,4:28 PM,8.88,Parent/Guardian,Parent/Guardian
Child 0363,Fours B,09/07/2026,7:05 AM,12:26 PM,5.35,Parent/Guardian,Parent/Guardian
Child 0366,Fours B,09/07/2026,7:16 AM,4:02 PM,8.77,Parent/Guardian,Parent/Guardian
Child 0374,Fours B,09/07/2026,7:22 AM,6:00 PM,10.63,Parent/Guardian,Parent/Guardian
Child 0375,Fours B,09/07/2026,8:44 AM,4:46 PM,8.03,Parent/Guardian,Parent/Guardian
Child 0379,Fours B,09/07/2026,8:36 AM,4:40 PM,8.07,Parent/Guardian,Parent/Guardian
Child 0383,Fours B,09/07/2026,8:36 AM,4:48 PM,8.20,Parent/Guardian,Parent/Guardian
Child 0384,Fours B,09/07/2026,7:20 AM,4:42 PM,9.37,Parent/Guardian,Parent/Guardian
Child 0389,Fours B,09/07/2026,8:00 AM,5:50 PM,9.83,Parent/Guardian,Parent/Guardian
Child 0390,Fours B,09/07/2026,8:57 AM,4:27 PM,7.50,Parent/Guardian,Parent/Guardian
Child 0103,Infants A,09/08/2026,8:46 AM,4:27 PM,7.68,Parent/Guardian,Parent/Guardian
Child 0104,Infants A,09/08/2026,8:04 AM,5:14 PM,9.17,Parent/Guardian,Parent/Guardian
Child 0105,Infants A,09/08/2026,8:45 AM,5:18 PM,8.55,Parent/Guardian,Parent/Guardian
Child 0109,Infants A,09/08/2026,8:53 AM,4:57 PM,8.07,Parent/Guardian,Parent/Guardian
Child 0110,Infants A,09/08/2026,7:29 AM,4:07 PM,8.63,Parent/Guardian,Parent/Guardian
Child 0111,Infants A,09/08/2026,7:52 AM,4:27 PM,8.58,Parent/Guardian,Parent/Guardian
Child 0112,Infants A,09/08/2026,7:25 AM,4:44 PM,9.32,Parent/Guardian,Parent/Guardian
Child 0113,Infants A,09/08/2026,7:13 AM,4:15 PM,9.03,Parent/Guardian,Parent/Guardian
Child 0114,Infants A,09/08/2026,7:05 AM,4:18 PM,9.22,Parent/Guardian,Parent/Guardian
Child 0118,Infants B,09/08/2026,8:01 AM,3:36 PM,7.58,Parent/Guardian,Parent/Guardian
Child 0121,Infants B,09/08/2026,7:44 AM,5:55 PM,10.18,Parent/Guardian,Parent/Guardian
Child 0123,Infants B,09/08/2026,8:26 AM,4:40 PM,8.23,Parent/Guardian,Parent/Guardian
Child 0126,Infants B,09/08/2026,7:49 AM,3:32 PM,7.72,Parent/Guardian,Parent/Guardian
Child 0127,Infants B,09/08/2026,7:31 AM,4:42 PM,9.18,Parent/Guardian,Parent/Guardian
Child 0131,Infants B,09/08/2026,6:32 AM,5:38 PM,11.10,Parent/Guardian,Parent/Guardian
Child 0134,Infants B,09/08/2026,8:02 AM,5:01 PM,8.98,Parent/Guardian,Parent/Guardian
Child 0138,Infants B,09/08/2026,7:54 AM,5:07 PM,9.22,Parent/Guardian,Parent/Guardian
Child 0143,Ones,09/08/2026,7:41 AM,5:46 PM,10.08,Parent/Guardian,Parent/Guardian
Child 0144,Ones,09/08/2026,8:40 AM,4:37 PM,7.95,Parent/Guardian,Parent/Guardian
Child 0148,Ones,09/08/2026,9:26 AM,5:18 PM,7.87,Parent/Guardian,Parent/Guardian
Child 0150,Ones,09/08/2026,6:48 AM,5:36 PM,10.80,Parent/Guardian,Parent/Guardian
Child 0152,Ones,09/08/2026,6:51 AM,5:31 PM,10.67,Parent/Guardian,Parent/Guardian
Child 0156,Ones,09/08/2026,8:45 AM,4:30 PM,7.75,Parent/Guardian,Parent/Guardian
Child 0159,Ones,09/08/2026,7:24 AM,4:16 PM,8.87,Parent/Guardian,Parent/Guardian
Child 0160,Ones,09/08/2026,8:16 AM,5:12 PM,8.93,Parent/Guardian,Parent/Guardian
Child 0164,Ones,09/08/2026,8:18 AM,4:35 PM,8.28,Parent/Guardian,Parent/Guardian
Child 0166,Ones,09/08/2026,7:51 AM,5:22 PM,9.52,Parent/Guardian,Parent/Guardian
Child 0168,Twos A,09/08/2026,7:48 AM,3:53 PM,8.08,Parent/Guardian,Parent/Guardian
Child 0169,Twos A,09/08/2026,6:30 AM,5:10 PM,10.67,Parent/Guardian,Parent/Guardian
Child 0179,Twos A,09/08/2026,8:49 AM,5:50 PM,9.02,Parent/Guardian,Parent/Guardian
Child 0181,Twos A,09/08/2026,6:41 AM,4:42 PM,10.02,Parent/Guardian,Parent/Guardian
Child 0182,Twos A,09/08/2026,8:44 AM,3:46 PM,7.03,Parent/Guardian,Parent/Guardian
Child 0185,Twos A,09/08/2026,8:43 AM,4:23 PM,7.67,Parent/Guardian,Parent/Guardian
Child 0186,Twos A,09/08/2026,9:12 AM,2:51 PM,5.65,Parent/Guardian,Parent/Guardian
Child 0190,Twos A,09/08/2026,7:54 AM,5:25 PM,9.52,Parent/Guardian,Parent/Guardian
Child 0193,Twos A,09/08/2026,6:50 AM,5:21 PM,10.52,Parent/Guardian,Parent/Guardian
Child 0196,Twos A,09/08/2026,8:06 AM,3:54 PM,7.80,Parent/Guardian,Parent/Guardian
Child 0197,Twos A,09/08/2026,7:59 AM,4:25 PM,8.43,Parent/Guardian,Parent/Guardian
Child 0199,Twos A,09/08/2026,7:49 AM,5:48 PM,9.98,Parent/Guardian,Parent/Guardian
Child 0202,Twos A,09/08/2026,7:34 AM,3:54 PM,8.33,Parent/Guardian,Parent/Guardian
Child 0204,Twos B,09/08/2026,8:21 AM,3:33 PM,7.20,Parent/Guardian,Parent/Guardian
Child 0206,Twos B,09/08/2026,8:10 AM,5:34 PM,9.40,Parent/Guardian,Parent/Guardian
Child 0207,Twos B,09/08/2026,8:16 AM,4:19 PM,8.05,Parent/Guardian,Parent/Guardian
Child 0210,Twos B,09/08/2026,6:30 AM,5:37 PM,11.12,Parent/Guardian,Parent/Guardian
Child 0213,Twos B,09/08/2026,8:30 AM,4:35 PM,8.08,Parent/Guardian,Parent/Guardian
Child 0216,Twos B,09/08/2026,8:07 AM,5:56 PM,9.82,Parent/Guardian,Parent/Guardian
Child 0217,Twos B,09/08/2026,6:50 AM,5:04 PM,10.23,Parent/Guardian,Parent/Guardian
Child 0218,Twos B,09/08/2026,8:25 AM,4:11 PM,7.77,Parent/Guardian,Parent/Guardian
Child 0220,Twos B,09/08/2026,7:31 AM,4:49 PM,9.30,Parent/Guardian,Parent/Guardian
Child 0223,Twos B,09/08/2026,9:34 AM,5:52 PM,8.30,Parent/Guardian,Parent/Guardian
Child 0227,Twos B,09/08/2026,6:30 AM,5:53 PM,11.38,Parent/Guardian,Parent/Guardian
Child 0229,Twos B,09/08/2026,8:04 AM,4:29 PM,8.42,Parent/Guardian,Parent/Guardian
Child 0233,Twos B,09/08/2026,8:08 AM,4:27 PM,8.32,Parent/Guardian,Parent/Guardian
Child 0237,Twos B,09/08/2026,7:55 AM,3:41 PM,7.77,Parent/Guardian,Parent/Guardian
Child 0239,Threes,09/08/2026,9:01 AM,4:45 PM,7.73,Parent/Guardian,Parent/Guardian
Child 0241,Threes,09/08/2026,6:56 AM,5:34 PM,10.63,Parent/Guardian,Parent/Guardian
Child 0244,Threes,09/08/2026,8:05 AM,5:45 PM,9.67,Parent/Guardian,Parent/Guardian
Child 0248,Threes,09/08/2026,8:11 AM,4:25 PM,8.23,Parent/Guardian,Parent/Guardian
Child 0252,Threes,09/08/2026,8:40 AM,11:52 AM,3.20,Parent/Guardian,Parent/Guardian
Child 0253,Threes,09/08/2026,8:42 AM,3:47 PM,7.08,Parent/Guardian,Parent/Guardian
Child 0255,Threes,09/08/2026,8:19 AM,5:35 PM,9.27,Parent/Guardian,Parent/Guardian
Child 0258,Threes,09/08/2026,7:42 AM,3:48 PM,8.10,Parent/Guardian,Parent/Guardian
Child 0259,Threes,09/08/2026,7:35 AM,5:26 PM,9.85,Parent/Guardian,Parent/Guardian
Child 0260,Threes,09/08/2026,8:03 AM,3:12 PM,7.15,Parent/Guardian,Parent/Guardian
Child 0264,Threes,09/08/2026,7:28 AM,3:01 PM,7.55,Parent/Guardian,Parent/Guardian
Child 0266,Threes,09/08/2026,7:47 AM,11:57 AM,4.17,Parent/Guardian,Parent/Guardian
Child 0267,Threes,09/08/2026,7:43 AM,4:21 PM,8.63,Parent/Guardian,Parent/Guardian
Child 0268,Threes,09/08/2026,8:13 AM,4:19 PM,8.10,Parent/Guardian,Parent/Guardian
Child 0270,Threes,09/08/2026,7:52 AM,5:21 PM,9.48,Parent/Guardian,Parent/Guardian
Child 0271,Threes,09/08/2026,7:37 AM,5:37 PM,10.00,Parent/Guardian,Parent/Guardian
Child 0273,Threes,09/08/2026,7:41 AM,2:22 PM,6.68,Parent/Guardian,Parent/Guardian
Child 0276,Threes,09/08/2026,7:27 AM,12:53 PM,5.43,Parent/Guardian,Parent/Guardian
Child 0280,Threes,09/08/2026,7:12 AM,4:05 PM,8.88,Parent/Guardian,Parent/Guardian
Child 0281,Threes,09/08/2026,8:32 AM,6:00 PM,9.47,Parent/Guardian,Parent/Guardian
Child 0282,Threes,09/08/2026,8:12 AM,5:06 PM,8.90,Parent/Guardian,Parent/Guardian
Child 0284,Fours A,09/08/2026,8:21 AM,3:07 PM,6.77,Parent/Guardian,Parent/Guardian
Child 0288,Fours A,09/08/2026,8:51 AM,6:00 PM,9.15,Parent/Guardian,Parent/Guardian
Child 0289,Fours A,09/08/2026,7:36 AM,6:00 PM,10.40,Parent/Guardian,Parent/Guardian
Child 0294,Fours A,09/08/2026,9:30 AM,5:37 PM,8.12,Parent/Guardian,Parent/Guardian
Child 0298,Fours A,09/08/2026,8:29 AM,12:41 PM,4.20,Parent/Guardian,Parent/Guardian
Child 0300,Fours A,09/08/2026,9:10 AM,4:00 PM,6.83,Parent/Guardian,Parent/Guardian
Child 0303,Fours A,09/08/2026,7:32 AM,4:20 PM,8.80,Parent/Guardian,Parent/Guardian
Child 0305,Fours A,09/08/2026,7:54 AM,6:00 PM,10.10,Parent/Guardian,Parent/Guardian
Child 0306,Fours A,09/08/2026,8:02 AM,3:41 PM,7.65,Parent/Guardian,Parent/Guardian
Child 0310,Fours A,09/08/2026,8:34 AM,6:00 PM,9.43,Parent/Guardian,Parent/Guardian
Child 0314,Fours A,09/08/2026,8:26 AM,4:44 PM,8.30,Parent/Guardian,Parent/Guardian
Child 0316,Fours A,09/08/2026,8:55 AM,3:37 PM,6.70,Parent/Guardian,Parent/Guardian
Child 0319,Fours A,09/08/2026,9:28 AM,12:54 PM,3.43,Parent/Guardian,Parent/Guardian
Child 0322,Fours A,09/08/2026,7:48 AM,4:50 PM,9.03,Parent/Guardian,Parent/Guardian
Child 0325,Fours A,09/08/2026,7:03 AM,12:35 PM,5.53,Parent/Guardian,Parent/Guardian
Child 0328,Fours A,09/08/2026,7:36 AM,4:43 PM,9.12,Parent/Guardian,Parent/Guardian
Child 0331,Fours A,09/08/2026,7:55 AM,5:51 PM,9.93,Parent/Guardian,Parent/Guardian
Child 0332,Fours A,09/08/2026,7:46 AM,4:51 PM,9.08,Parent/Guardian,Parent/Guardian
Child 0334,Fours A,09/08/2026,7:46 AM,5:02 PM,9.27,Parent/Guardian,Parent/Guardian
Child 0338,Fours A,09/08/2026,7:27 AM,4:36 PM,9.15,Parent/Guardian,Parent/Guardian
Child 0339,Fours A,09/08/2026,7:05 AM,4:15 PM,9.17,Parent/Guardian,Parent/Guardian
Child 0343,Fours A,09/08/2026,7:56 AM,3:06 PM,7.17,Parent/Guardian,Parent/Guardian
Child 0345,Fours B,09/08/2026,9:23 AM,4:58 PM,7.58,Parent/Guardian,Parent/Guardian
Child 0347,Fours B,09/08/2026,8:40 AM,3:57 PM,7.28,Parent/Guardian,Parent/Guardian
Child 0348,Fours B,09/08/2026,8:16 AM,3:43 PM,7.45,Parent/Guardian,Parent/Guardian
Child 0350,Fours B,09/08/2026,8:00 AM,4:40 PM,8.67,Parent/Guardian,Parent/Guardian
Child 0354,Fours B,09/08/2026,8:39 AM,3:58 PM,7.32,Parent/Guardian,Parent/Guardian
Child 0356,Fours B,09/08/2026,7:47 AM,5:13 PM,9.43,Parent/Guardian,Parent/Guardian
Child 0357,Fours B,09/08/2026,7:47 AM,4:58 PM,9.18,Parent/Guardian,Parent/Guardian
Child 0358,Fours B,09/08/2026,8:17 AM,3:55 PM,7.63,Parent/Guardian,Parent/Guardian
Child 0362,Fours B,09/08/2026,7:26 AM,4:41 PM,9.25,Parent/Guardian,Parent/Guardian
Child 0363,Fours B,09/08/2026,7:28 AM,12:55 PM,5.45,Parent/Guardian,Parent/Guardian
Child 0370,Fours B,09/08/2026,8:39 AM,5:05 PM,8.43,Parent/Guardian,Parent/Guardian
Child 0374,Fours B,09/08/2026,7:50 AM,5:50 PM,10.00,Parent/Guardian,Parent/Guardian
Child 0375,Fours B,09/08/2026,8:47 AM,5:01 PM,8.23,Parent/Guardian,Parent/Guardian
Child 0379,Fours B,09/08/2026,8:54 AM,4:52 PM,7.97,Parent/Guardian,Parent/Guardian
Child 0383,Fours B,09/08/2026,8:24 AM,4:59 PM,8.58,Parent/Guardian,Parent/Guardian
Child 0384,Fours B,09/08/2026,7:56 AM,4:21 PM,8.42,Parent/Guardian,Parent/Guardian
Child 0386,Fours B,09/08/2026,7:24 AM,4:04 PM,8.67,Parent/Guardian,Parent/Guardian
Child 0389,Fours B,09/08/2026,8:29 AM,5:55 PM,9.43,Parent/Guardian,Parent/Guardian
Child 0390,Fours B,09/08/2026,9:00 AM,4:54 PM,7.90,Parent/Guardian,Parent/Guardian
Child 0103,Infants A,09/09/2026,8:37 AM,4:49 PM,8.20,Parent/Guardian,Parent/Guardian
Child 0104,Infants A,09/09/2026,7:44 AM,4:51 PM,9.12,Parent/Guardian,Parent/Guardian
Child 0105,Infants A,09/09/2026,8:41 AM,5:11 PM,8.50,Parent/Guardian,Parent/Guardian
Child 0109,Infants A,09/09/2026,8:41 AM,5:00 PM,8.32,Parent/Guardian,Parent/Guardian
Child 0110,Infants A,09/09/2026,7:19 AM,4:31 PM,9.20,Parent/Guardian,Parent/Guardian
Child 0112,Infants A,09/09/2026,7:04 AM,4:38 PM,9.57,Parent/Guardian,Parent/Guardian
Child 0113,Infants A,09/09/2026,7:22 AM,4:22 PM,9.00,Parent/Guardian,Parent/Guardian
Child 0114,Infants A,09/09/2026,7:08 AM,4:34 PM,9.43,Parent/Guardian,Parent/Guardian
Child 0118,Infants B,09/09/2026,8:15 AM,3:54 PM,7.65,Parent/Guardian,Parent/Guardian
Child 0121,Infants B,09/09/2026,7:34 AM,5:49 PM,10.25,Parent/Guardian,Parent/Guardian
Child 0123,Infants B,09/09/2026,8:29 AM,5:18 PM,8.82,Parent/Guardian,Parent/Guardian
Child 0126,Infants B,09/09/2026,8:08 AM,4:29 PM,8.35,Parent/Guardian,Parent/Guardian
Child 0127,Infants B,09/09/2026,7:43 AM,4:36 PM,8.88,Parent/Guardian,Parent/Guardian
Child 0131,Infants B,09/09/2026,6:30 AM,5:35 PM,11.08,Parent/Guardian,Parent/Guardian
Child 0134,Infants B,09/09/2026,7:36 AM,5:25 PM,9.82,Parent/Guardian,Parent/Guardian
Child 0138,Infants B,09/09/2026,8:25 AM,5:05 PM,8.67,Parent/Guardian,Parent/Guardian
Child 0139,Ones,09/09/2026,8:32 AM,5:13 PM,8.68,Parent/Guardian,Parent/Guardian
Child 0144,Ones,09/09/2026,8:28 AM,4:33 PM,8.08,Parent/Guardian,Parent/Guardian
Child 0148,Ones,09/09/2026,8:58 AM,5:36 PM,8.63,Parent/Guardian,Parent/Guardian
Child 0150,Ones,09/09/2026,7:00 AM,5:58 PM,10.97,Parent/Guardian,Parent/Guardian
Child 0152,Ones,09/09/2026,7:17 AM,5:32 PM,10.25,Parent/Guardian,Parent/Guardian
Child 0156,Ones,09/09/2026,8:07 AM,4:23 PM,8.27,Parent/Guardian,Parent/Guardian
Child 0159,Ones,09/09/2026,7:11 AM,4:09 PM,8.97,Parent/Guardian,Parent/Guardian
Child 0160,Ones,09/09/2026,7:42 AM,5:28 PM,9.77,Parent/Guardian,Parent/Guardian
Child 0164,Ones,09/09/2026,8:13 AM,4:11 PM,7.97,Parent/Guardian,Parent/Guardian
Child 0166,Ones,09/09/2026,7:32 AM,5:28 PM,9.93,Parent/Guardian,Parent/Guardian
Child 0168,Twos A,09/09/2026,7:39 AM,4:04 PM,8.42,Parent/Guardian,Parent/Guardian
Child 0169,Twos A,09/09/2026,6:32 AM,5:11 PM,10.65,Parent/Guardian,Parent/Guardian
Child 0173,Twos A,09/09/2026,7:32 AM,5:01 PM,9.48,Parent/Guardian,Parent/Guardian
Child 0177,Twos A,09/09/2026,8:01 AM,5:19 PM,9.30,Parent/Guardian,Parent/Guardian
Child 0179,Twos A,09/09/2026,8:44 AM,5:37 PM,8.88,Parent/Guardian,Parent/Guardian
Child 0181,Twos A,09/09/2026,6:30 AM,4:41 PM,10.18,Parent/Guardian,Parent/Guardian
Child 0182,Twos A,09/09/2026,8:38 AM,4:00 PM,7.37,Parent/Guardian,Parent/Guardian
Child 0185,Twos A,09/09/2026,8:29 AM,4:27 PM,7.97,Parent/Guardian,Parent/Guardian
Child 0186,Twos A,09/09/2026,9:23 AM,3:07 PM,5.73,Parent/Guardian,Parent/Guardian
Child 0190,Twos A,09/09/2026,8:07 AM,5:05 PM,8.97,Parent/Guardian,Parent/Guardian
Child 0193,Twos A,09/09/2026,7:09 AM,4:51 PM,9.70,Parent/Guardian,Parent/Guardian
Child 0195,Twos A,09/09/2026,8:37 AM,4:31 PM,7.90,Parent/Guardian,Parent/Guardian
Child 0196,Twos A,09/09/2026,8:08 AM,4:40 PM,8.53,Parent/Guardian,Parent/Guardian
Child 0197,Twos A,09/09/2026,8:06 AM,4:20 PM,8.23,Parent/Guardian,Parent/Guardian
Child 0199,Twos A,09/09/2026,7:40 AM,5:32 PM,9.87,Parent/Guardian,Parent/Guardian
Child 0202,Twos A,09/09/2026,7:34 AM,3:53 PM,8.32,Parent/Guardian,Parent/Guardian
Child 0204,Twos B,09/09/2026,7:50 AM,3:30 PM,7.67,Parent/Guardian,Parent/Guardian
Child 0206,Twos B,09/09/2026,7:54 AM,5:25 PM,9.52,Parent/Guardian,Parent/Guardian
Child 0207,Twos B,09/09/2026,8:05 AM,4:05 PM,8.00,Parent/Guardian,Parent/Guardian
Child 0210,Twos B,09/09/2026,6:40 AM,5:47 PM,11.12,Parent/Guardian,Parent/Guardian
Child 0213,Twos B,09/09/2026,8:26 AM,4:47 PM,8.35,Parent/Guardian,Parent/Guardian
Child 0216,Twos B,09/09/2026,8:14 AM,5:56 PM,9.70,Parent/Guardian,Parent/Guardian
Child 0217,Twos B,09/09/2026,7:12 AM,4:52 PM,9.67,Parent/Guardian,Parent/Guardian
Child 0218,Twos B,09/09/2026,8:19 AM,4:15 PM,7.93,Parent/Guardian,Parent/Guardian
Child 0220,Twos B,09/09/2026,7:28 AM,4:52 PM,9.40,Parent/Guardian,Parent/Guardian
Child 0223,Twos B,09/09/2026,9:23 AM,5:57 PM,8.57,Parent/Guardian,Parent/Guardian
Child 0227,Twos B,09/09/2026,6:43 AM,5:59 PM,11.27,Parent/Guardian,Parent/Guardian
Child 0229,Twos B,09/09/2026,8:21 AM,4:33 PM,8.20,Parent/Guardian,Parent/Guardian
Child 0233,Twos B,09/09/2026,8:10 AM,4:41 PM,8.52,Parent/Guardian,Parent/Guardian
Child 0237,Twos B,09/09/2026,7:35 AM,4:08 PM,8.55,Parent/Guardian,Parent/Guardian
Child 0239,Threes,09/09/2026,8:57 AM,5:04 PM,8.12,Parent/Guardian,Parent/Guardian
Child 0241,Threes,09/09/2026,6:38 AM,5:23 PM,10.75,Parent/Guardian,Parent/Guardian
Child 0244,Threes,09/09/2026,8:27 AM,5:27 PM,9.00,Parent/Guardian,Parent/Guardian
Child 0248,Threes,09/09/2026,8:21 AM,4:52 PM,8.52,Parent/Guardian,Parent/Guardian
Child 0252,Threes,09/09/2026,8:09 AM,12:08 PM,3.98,Parent/Guardian,Parent/Guardian
Child 0253,Threes,09/09/2026,8:59 AM,4:12 PM,7.22,Parent/Guardian,Parent/Guardian
Child 0255,Threes,09/09/2026,8:21 AM,5:36 PM,9.25,Parent/Guardian,Parent/Guardian
Child 0258,Threes,09/09/2026,7:36 AM,4:01 PM,8.42,Parent/Guardian,Parent/Guardian
Child 0259,Threes,09/09/2026,7:57 AM,5:22 PM,9.42,Parent/Guardian,Parent/Guardian
Child 0260,Threes,09/09/2026,7:51 AM,3:08 PM,7.28,Parent/Guardian,Parent/Guardian
Child 0262,Threes,09/09/2026,7:43 AM,4:16 PM,8.55,Parent/Guardian,Parent/Guardian
Child 0264,Threes,09/09/2026,7:24 AM,3:27 PM,8.05,Parent/Guardian,Parent/Guardian
Child 0266,Threes,09/09/2026,8:04 AM,12:33 PM,4.48,Parent/Guardian,Parent/Guardian
Child 0267,Threes,09/09/2026,7:54 AM,4:12 PM,8.30,Parent/Guardian,Parent/Guardian
Child 0268,Threes,09/09/2026,8:36 AM,4:41 PM,8.08,Parent/Guardian,Parent/Guardian
Child 0270,Threes,09/09/2026,7:47 AM,4:45 PM,8.97,Parent/Guardian,Parent/Guardian
Child 0271,Threes,09/09/2026,7:24 AM,5:43 PM,10.32,Parent/Guardian,Parent/Guardian
Child 0273,Threes,09/09/2026,7:36 AM,2:04 PM,6.47,Parent/Guardian,Parent/Guardian
Child 0276,Threes,09/09/2026,7:27 AM,1:04 PM,5.62,Parent/Guardian,Parent/Guardian
Child 0280,Threes,09/09/2026,7:56 AM,3:42 PM,7.77,Parent/Guardian,Parent/Guardian
Child 0281,Threes,09/09/2026,8:55 AM,6:00 PM,9.08,Parent/Guardian,Parent/Guardian
Child 0282,Threes,09/09/2026,8:04 AM,4:30 PM,8.43,Parent/Guardian,Parent/Guardian
Child 0284,Fours A,09/09/2026,8:25 AM,3:35 PM,7.17,Parent/Guardian,Parent/Guardian
Child 0288,Fours A,09/09/2026,8:38 AM,6:00 PM,9.37,Parent/Guardian,Parent/Guardian
Child 0289,Fours A,09/09/2026,8:05 AM,5:50 PM,9.75,Parent/Guardian,Parent/Guardian
Child 0292,Fours A,09/09/2026,8:52 AM,4:24 PM,7.53,Parent/Guardian,Parent/Guardian
Child 0294,Fours A,09/09/2026,8:53 AM,5:25 PM,8.53,Parent/Guardian,Parent/Guardian
Child 0300,Fours A,09/09/2026,9:22 AM,4:08 PM,6.77,Parent/Guardian,Parent/Guardian
Child 0303,Fours A,09/09/2026,7:39 AM,4:21 PM,8.70,Parent/Guardian,Parent/Guardian
Child 0305,Fours A,09/09/2026,7:48 AM,5:42 PM,9.90,Parent/Guardian,Parent/Guardian
Child 0310,Fours A,09/09/2026,9:20 AM,5:53 PM,8.55,Parent/Guardian,Parent/Guardian
Child 0314,Fours A,09/09/2026,8:33 AM,5:18 PM,8.75,Parent/Guardian,Parent/Guardian
Child 0316,Fours A,09/09/2026,8:07 AM,3:48 PM,7.68,Parent/Guardian,Parent/Guardian
Child 0319,Fours A,09/09/2026,9:12 AM,12:45 PM,3.55,Parent/Guardian,Parent/Guardian
Child 0322,Fours A,09/09/2026,7:41 AM,4:54 PM,9.22,Parent/Guardian,Parent/Guardian
Child 0328,Fours A,09/09/2026,7:46 AM,4:49 PM,9.05,Parent/Guardian,Parent/Guardian
Child 0331,Fours A,09/09/2026,8:02 AM,5:47 PM,9.75,Parent/Guardian,Parent/Guardian
Child 0332,Fours A,09/09/2026,7:55 AM,5:26 PM,9.52,Parent/Guardian,Parent/Guardian
Child 0334,Fours A,09/09/2026,7:32 AM,5:00 PM,9.47,Parent/Guardian,Parent/Guardian
Child 0338,Fours A,09/09/2026,7:36 AM,4:51 PM,9.25,Parent/Guardian,Parent/Guardian
Child 0339,Fours A,09/09/2026,7:38 AM,3:48 PM,8.17,Parent/Guardian,Parent/Guardian
Child 0343,Fours A,09/09/2026,8:03 AM,3:41 PM,7.63,Parent/Guardian,Parent/Guardian
Child 0345,Fours B,09/09/2026,9:08 AM,5:05 PM,7.95,Parent/Guardian,Parent/Guardian
Child 0347,Fours B,09/09/2026,8:52 AM,4:18 PM,7.43,Parent/Guardian,Parent/Guardian
Child 0350,Fours B,09/09/2026,8:28 AM,5:20 PM,8.87,Parent/Guardian,Parent/Guardian
Child 0356,Fours B,09/09/2026,7:40 AM,4:48 PM,9.13,Parent/Guardian,Parent/Guardian
Child 0357,Fours B,09/09/2026,7:30 AM,4:01 PM,8.52,Parent/Guardian,Parent/Guardian
Child 0358,Fours B,09/09/2026,8:14 AM,4:45 PM,8.52,Parent/Guardian,Parent/Guardian
Child 0362,Fours B,09/09/2026,7:32 AM,5:27 PM,9.92,Parent/Guardian,Parent/Guardian
Child 0363,Fours B,09/09/2026,7:25 AM,12:33 PM,5.13,Parent/Guardian,Parent/Guardian
Child 0366,Fours B,09/09/2026,6:55 AM,3:28 PM,8.55,Parent/Guardian,Parent/Guardian
Child 0370,Fours B,09/09/2026,8:33 AM,4:41 PM,8.13,Parent/Guardian,Parent/Guardian
Child 0374,Fours B,09/09/2026,8:06 AM,5:50 PM,9.73,Parent/Guardian,Parent/Guardian
Child 0375,Fours B,09/09/2026,8:41 AM,4:31 PM,7.83,Parent/Guardian,Parent/Guardian
Child 0379,Fours B,09/09/2026,8:22 AM,4:43 PM,8.35,Parent/Guardian,Parent/Guardian
Child 0383,Fours B,09/09/2026,8:22 AM,4:26 PM,8.07,Parent/Guardian,Parent/Guardian
Child 0384,Fours B,09/09/2026,7:25 AM,4:39 PM,9.23,Parent/Guardian,Parent/Guardian
Child 0386,Fours B,09/09/2026,6:52 AM,4:19 PM,9.45,Parent/Guardian,Parent/Guardian
Child 0389,Fours B,09/09/2026,8:30 AM,5:58 PM,9.47,Parent/Guardian,Parent/Guardian
Child 0390,Fours B,09/09/2026,9:01 AM,4:03 PM,7.03,Parent/Guardian,Parent/Guardian
Child 0103,Infants A,09/10/2026,8:32 AM,4:11 PM,7.65,Parent/Guardian,Parent/Guardian
Child 0105,Infants A,09/10/2026,8:20 AM,4:59 PM,8.65,Parent/Guardian,Parent/Guardian
Child 0109,Infants A,09/10/2026,8:45 AM,5:31 PM,8.77,Parent/Guardian,Parent/Guardian
Child 0110,Infants A,09/10/2026,7:25 AM,4:22 PM,8.95,Parent/Guardian,Parent/Guardian
Child 0111,Infants A,09/10/2026,7:24 AM,4:31 PM,9.12,Parent/Guardian,Parent/Guardian
Child 0112,Infants A,09/10/2026,7:11 AM,4:46 PM,9.58,Parent/Guardian,Parent/Guardian
Child 0113,Infants A,09/10/2026,7:24 AM,4:14 PM,8.83,Parent/Guardian,Parent/Guardian
Child 0114,Infants A,09/10/2026,6:46 AM,4:10 PM,9.40,Parent/Guardian,Parent/Guardian
Child 0118,Infants B,09/10/2026,8:18 AM,4:03 PM,7.75,Parent/Guardian,Parent/Guardian
Child 0121,Infants B,09/10/2026,7:57 AM,6:00 PM,10.05,Parent/Guardian,Parent/Guardian
Child 0123,Infants B,09/10/2026,8:23 AM,5:04 PM,8.68,Parent/Guardian,Parent/Guardian
Child 0126,Infants B,09/10/2026,8:10 AM,4:24 PM,8.23,Parent/Guardian,Parent/Guardian
Child 0127,Infants B,09/10/2026,7:40 AM,4:48 PM,9.13,Parent/Guardian,Parent/Guardian
Child 0131,Infants B,09/10/2026,6:30 AM,6:00 PM,11.50,Parent/Guardian,Parent/Guardian
Child 0134,Infants B,09/10/2026,7:54 AM,5:21 PM,9.45,Parent/Guardian,Parent/Guardian
Child 0138,Infants B,09/10/2026,8:29 AM,4:44 PM,8.25,Parent/Guardian,Parent/Guardian
Child 0139,Ones,09/10/2026,8:55 AM,5:24 PM,8.48,Parent/Guardian,Parent/Guardian
Child 0143,Ones,09/10/2026,7:44 AM,5:36 PM,9.87,Parent/Guardian,Parent/Guardian
Child 0144,Ones,09/10/2026,8:41 AM,4:44 PM,8.05,Parent/Guardian,Parent/Guardian
Child 0148,Ones,09/10/2026,8:49 AM,5:37 PM,8.80,Parent/Guardian,Parent/Guardian
Child 0150,Ones,09/10/2026,6:38 AM,5:39 PM,11.02,Parent/Guardian,Parent/Guardian
Child 0152,Ones,09/10/2026,7:28 AM,5:21 PM,9.88,Parent/Guardian,Parent/Guardian
Child 0156,Ones,09/10/2026,8:04 AM,4:00 PM,7.93,Parent/Guardian,Parent/Guardian
Child 0159,Ones,09/10/2026,7:38 AM,4:04 PM,8.43,Parent/Guardian,Parent/Guardian
Child 0160,Ones,09/10/2026,8:14 AM,5:17 PM,9.05,Parent/Guardian,Parent/Guardian
Child 0164,Ones,09/10/2026,8:24 AM,4:57 PM,8.55,Parent/Guardian,Parent/Guardian
Child 0166,Ones,09/10/2026,7:35 AM,5:07 PM,9.53,Parent/Guardian,Parent/Guardian
Child 0168,Twos A,09/10/2026,7:42 AM,3:47 PM,8.08,Parent/Guardian,Parent/Guardian
Child 0169,Twos A,09/10/2026,6:32 AM,5:32 PM,11.00,Parent/Guardian,Parent/Guardian
Child 0177,Twos A,09/10/2026,8:11 AM,4:52 PM,8.68,Parent/Guardian,Parent/Guardian
Child 0179,Twos A,09/10/2026,8:40 AM,5:22 PM,8.70,Parent/Guardian,Parent/Guardian
Child 0181,Twos A,09/10/2026,6:47 AM,4:33 PM,9.77,Parent/Guardian,Parent/Guardian
Child 0182,Twos A,09/10/2026,8:34 AM,3:53 PM,7.32,Parent/Guardian,Parent/Guardian
Child 0185,Twos A,09/10/2026,8:41 AM,4:24 PM,7.72,Parent/Guardian,Parent/Guardian
Child 0186,Twos A,09/10/2026,9:35 AM,3:07 PM,5.53,Parent/Guardian,Parent/Guardian
Child 0190,Twos A,09/10/2026,7:45 AM,4:52 PM,9.12,Parent/Guardian,Parent/Guardian
Child 0193,Twos A,09/10/2026,7:25 AM,5:07 PM,9.70,Parent/Guardian,Parent/Guardian
Child 0195,Twos A,09/10/2026,8:53 AM,4:28 PM,7.58,Parent/Guardian,Parent/Guardian
Child 0196,Twos A,09/10/2026,7:55 AM,4:10 PM,8.25,Parent/Guardian,Parent/Guardian
Child 0197,Twos A,09/10/2026,7:37 AM,3:43 PM,8.10,Parent/Guardian,Parent/Guardian
Child 0199,Twos A,09/10/2026,7:26 AM,4:55 PM,9.48,Parent/Guardian,Parent/Guardian
Child 0202,Twos A,09/10/2026,7:24 AM,4:13 PM,8.82,Parent/Guardian,Parent/Guardian
Child 0204,Twos B,09/10/2026,8:26 AM,2:57 PM,6.52,Parent/Guardian,Parent/Guardian
Child 0206,Twos B,09/10/2026,8:19 AM,5:34 PM,9.25,Parent/Guardian,Parent/Guardian
Child 0207,Twos B,09/10/2026,8:23 AM,3:41 PM,7.30,Parent/Guardian,Parent/Guardian
Child 0210,Twos B,09/10/2026,6:52 AM,5:19 PM,10.45,Parent/Guardian,Parent/Guardian
Child 0213,Twos B,09/10/2026,8:20 AM,4:50 PM,8.50,Parent/Guardian,Parent/Guardian
Child 0216,Twos B,09/10/2026,7:56 AM,5:40 PM,9.73,Parent/Guardian,Parent/Guardian
Child 0217,Twos B,09/10/2026,7:14 AM,5:01 PM,9.78,Parent/Guardian,Parent/Guardian
Child 0218,Twos B,09/10/2026,8:05 AM,4:24 PM,8.32,Parent/Guardian,Parent/Guardian
Child 0220,Twos B,09/10/2026,7:29 AM,4:42 PM,9.22,Parent/Guardian,Parent/Guardian
Child 0223,Twos B,09/10/2026,9:15 AM,5:07 PM,7.87,Parent/Guardian,Parent/Guardian
Child 0227,Twos B,09/10/2026,6:30 AM,5:47 PM,11.28,Parent/Guardian,Parent/Guardian
Child 0229,Twos B,09/10/2026,7:47 AM,4:53 PM,9.10,Parent/Guardian,Parent/Guardian
Child 0233,Twos B,09/10/2026,8:05 AM,4:24 PM,8.32,Parent/Guardian,Parent/Guardian
Child 0237,Twos B,09/10/2026,7:51 AM,4:06 PM,8.25,Parent/Guardian,Parent/Guardian
Child 0239,Threes,09/10/2026,9:03 AM,5:07 PM,8.07,Parent/Guardian,Parent/Guardian
Child 0241,Threes,09/10/2026,6:38 AM,5:13 PM,10.58,Parent/Guardian,Parent/Guardian
Child 0244,Threes,09/10/2026,8:26 AM,5:12 PM,8.77,Parent/Guardian,Parent/Guardian
Child 0248,Threes,09/10/2026,7:52 AM,4:32 PM,8.67,Parent/Guardian,Parent/Guardian
Child 0252,Threes,09/10/2026,8:58 AM,11:37 AM,2.65,Parent/Guardian,Parent/Guardian
Child 0253,Threes,09/10/2026,8:37 AM,4:00 PM,7.38,Parent/Guardian,Parent/Guardian
Child 0255,Threes,09/10/2026,8:17 AM,5:16 PM,8.98,Parent/Guardian,Parent/Guardian
Child 0258,Threes,09/10/2026,7:35 AM,3:50 PM,8.25,Parent/Guardian,Parent/Guardian
Child 0259,Threes,09/10/2026,8:00 AM,5:39 PM,9.65,Parent/Guardian,Parent/Guardian
Child 0260,Threes,09/10/2026,8:05 AM,3:13 PM,7.13,Parent/Guardian,Parent/Guardian
Child 0262,Threes,09/10/2026,8:03 AM,3:50 PM,7.78,Parent/Guardian,Parent/Guardian
Child 0264,Threes,09/10/2026,7:31 AM,2:57 PM,7.43,Parent/Guardian,Parent/Guardian
Child 0266,Threes,09/10/2026,8:06 AM,12:26 PM,4.33,Parent/Guardian,Parent/Guardian
Child 0267,Threes,09/10/2026,7:47 AM,3:56 PM,8.15,Parent/Guardian,Parent/Guardian
Child 0268,Threes,09/10/2026,8:28 AM,4:29 PM,8.02,Parent/Guardian,Parent/Guardian
Child 0270,Threes,09/10/2026,7:56 AM,5:14 PM,9.30,Parent/Guardian,Parent/Guardian
Child 0271,Threes,09/10/2026,7:44 AM,5:08 PM,9.40,Parent/Guardian,Parent/Guardian
Child 0273,Threes,09/10/2026,7:14 AM,2:46 PM,7.53,Parent/Guardian,Parent/Guardian
Child 0276,Threes,09/10/2026,7:25 AM,1:19 PM,5.90,Parent/Guardian,Parent/Guardian
Child 0281,Threes,09/10/2026,9:08 AM,5:19 PM,8.18,Parent/Guardian,Parent/Guardian
Child 0284,Fours A,09/10/2026,8:28 AM,3:03 PM,6.58,Parent/Guardian,Parent/Guardian
Child 0288,Fours A,09/10/2026,8:53 AM,5:56 PM,9.05,Parent/Guardian,Parent/Guardian
Child 0289,Fours A,09/10/2026,7:55 AM,5:47 PM,9.87,Parent/Guardian,Parent/Guardian
Child 0294,Fours A,09/10/2026,9:15 AM,5:43 PM,8.47,Parent/Guardian,Parent/Guardian
Child 0298,Fours A,09/10/2026,8:30 AM,12:49 PM,4.32,Parent/Guardian,Parent/Guardian
Child 0300,Fours A,09/10/2026,9:22 AM,4:21 PM,6.98,Parent/Guardian,Parent/Guardian
Child 0303,Fours A,09/10/2026,7:07 AM,4:05 PM,8.97,Parent/Guardian,Parent/Guardian
Child 0305,Fours A,09/10/2026,8:04 AM,6:00 PM,9.93,Parent/Guardian,Parent/Guardian
Child 0306,Fours A,09/10/2026,7:43 AM,4:06 PM,8.38,Parent/Guardian,Parent/Guardian
Child 0314,Fours A,09/10/2026,8:32 AM,4:45 PM,8.22,Parent/Guardian,Parent/Guardian
Child 0316,Fours A,09/10/2026,8:34 AM,3:49 PM,7.25,Parent/Guardian,Parent/Guardian
Child 0319,Fours A,09/10/2026,9:01 AM,12:30 PM,3.48,Parent/Guardian,Parent/Guardian
Child 0322,Fours A,09/10/2026,7:38 AM,4:48 PM,9.17,Parent/Guardian,Parent/Guardian
Child 0325,Fours A,09/10/2026,7:09 AM,12:33 PM,5.40,Parent/Guardian,Parent/Guardian
Child 0328,Fours A,09/10/2026,7:29 AM,4:35 PM,9.10,Parent/Guardian,Parent/Guardian
Child 0331,Fours A,09/10/2026,7:55 AM,6:00 PM,10.08,Parent/Guardian,Parent/Guardian
Child 0332,Fours A,09/10/2026,7:46 AM,4:39 PM,8.88,Parent/Guardian,Parent/Guardian
Child 0338,Fours A,09/10/2026,7:31 AM,4:11 PM,8.67,Parent/Guardian,Parent/Guardian
Child 0339,Fours A,09/10/2026,7:17 AM,4:42 PM,9.42,Parent/Guardian,Parent/Guardian
Child 0343,Fours A,09/10/2026,8:07 AM,3:32 PM,7.42,Parent/Guardian,Parent/Guardian
Child 0347,Fours B,09/10/2026,8:59 AM,4:05 PM,7.10,Parent/Guardian,Parent/Guardian
Child 0348,Fours B,09/10/2026,8:29 AM,3:44 PM,7.25,Parent/Guardian,Parent/Guardian
Child 0350,Fours B,09/10/2026,8:15 AM,4:46 PM,8.52,Parent/Guardian,Parent/Guardian
Child 0354,Fours B,09/10/2026,8:17 AM,3:35 PM,7.30,Parent/Guardian,Parent/Guardian
Child 0356,Fours B,09/10/2026,8:05 AM,5:01 PM,8.93,Parent/Guardian,Parent/Guardian
Child 0357,Fours B,09/10/2026,7:43 AM,4:14 PM,8.52,Parent/Guardian,Parent/Guardian
Child 0358,Fours B,09/10/2026,8:19 AM,4:22 PM,8.05,Parent/Guardian,Parent/Guardian
Child 0362,Fours B,09/10/2026,7:18 AM,4:56 PM,9.63,Parent/Guardian,Parent/Guardian
Child 0363,Fours B,09/10/2026,7:17 AM,12:32 PM,5.25,Parent/Guardian,Parent/Guardian
Child 0366,Fours B,09/10/2026,7:39 AM,3:44 PM,8.08,Parent/Guardian,Parent/Guardian
Child 0370,Fours B,09/10/2026,8:30 AM,5:10 PM,8.67,Parent/Guardian,Parent/Guardian
Child 0374,Fours B,09/10/2026,7:57 AM,5:52 PM,9.92,Parent/Guardian,Parent/Guardian
Child 0379,Fours B,09/10/2026,8:47 AM,4:39 PM,7.87,Parent/Guardian,Parent/Guardian
Child 0383,Fours B,09/10/2026,8:29 AM,4:59 PM,8.50,Parent/Guardian,Parent/Guardian
Child 0384,Fours B,09/10/2026,7:38 AM,4:31 PM,8.88,Parent/Guardian,Parent/Guardian
Child 0386,Fours B,09/10/2026,7:10 AM,4:11 PM,9.02,Parent/Guardian,Parent/Guardian
Child 0389,Fours B,09/10/2026,8:16 AM,5:31 PM,9.25,Parent/Guardian,Parent/Guardian
Child 0390,Fours B,09/10/2026,8:52 AM,4:15 PM,7.38,Parent/Guardian,Parent/Guardian
Child 0104,Infants A,09/11/2026,8:06 AM,4:59 PM,8.88,Parent/Guardian,Parent/Guardian
Child 0105,Infants A,09/11/2026,8:44 AM,4:43 PM,7.98,Parent/Guardian,Parent/Guardian
Child 0109,Infants A,09/11/2026,8:27 AM,4:27 PM,8.00,Parent/Guardian,Parent/Guardian
Child 0110,Infants A,09/11/2026,7:13 AM,4:18 PM,9.08,Parent/Guardian,Parent/Guardian
Child 0112,Infants A,09/11/2026,6:52 AM,4:09 PM,9.28,Parent/Guardian,Parent/Guardian
Child 0114,Infants A,09/11/2026,6:53 AM,4:01 PM,9.13,Parent/Guardian,Parent/Guardian
Child 0118,Infants B,09/11/2026,8:12 AM,3:43 PM,7.52,Parent/Guardian,Parent/Guardian
Child 0123,Infants B,09/11/2026,8:34 AM,4:46 PM,8.20,Parent/Guardian,Parent/Guardian
Child 0126,Infants B,09/11/2026,7:25 AM,3:57 PM,8.53,Parent/Guardian,Parent/Guardian
Child 0131,Infants B,09/11/2026,6:30 AM,5:30 PM,11.00,Parent/Guardian,Parent/Guardian
Child 0134,Infants B,09/11/2026,7:53 AM,5:40 PM,9.78,Parent/Guardian,Parent/Guardian
Child 0139,Ones,09/11/2026,8:58 AM,4:37 PM,7.65,Parent/Guardian,Parent/Guardian
Child 0143,Ones,09/11/2026,7:55 AM,5:29 PM,9.57,Parent/Guardian,Parent/Guardian
Child 0144,Ones,09/11/2026,8:42 AM,4:05 PM,7.38,Parent/Guardian,Parent/Guardian
Child 0156,Ones,09/11/2026,8:23 AM,3:53 PM,7.50,Parent/Guardian,Parent/Guardian
Child 0159,Ones,09/11/2026,8:02 AM,3:46 PM,7.73,Parent/Guardian,Parent/Guardian
Child 0164,Ones,09/11/2026,8:43 AM,3:50 PM,7.12,Parent/Guardian,Parent/Guardian
Child 0168,Twos A,09/11/2026,7:28 AM,3:57 PM,8.48,Parent/Guardian,Parent/Guardian
Child 0169,Twos A,09/11/2026,6:30 AM,4:33 PM,10.05,Parent/Guardian,Parent/Guardian
Child 0173,Twos A,09/11/2026,7:21 AM,4:47 PM,9.43,Parent/Guardian,Parent/Guardian
Child 0179,Twos A,09/11/2026,8:26 AM,5:08 PM,8.70,Parent/Guardian,Parent/Guardian
Child 0181,Twos A,09/11/2026,6:38 AM,3:47 PM,9.15,Parent/Guardian,Parent/Guardian
Child 0182,Twos A,09/11/2026,8:40 AM,3:39 PM,6.98,Parent/Guardian,Parent/Guardian
Child 0185,Twos A,09/11/2026,9:03 AM,4:15 PM,7.20,Parent/Guardian,Parent/Guardian
Child 0186,Twos A,09/11/2026,8:50 AM,2:25 PM,5.58,Parent/Guardian,Parent/Guardian
Child 0190,Twos A,09/11/2026,7:28 AM,4:51 PM,9.38,Parent/Guardian,Parent/Guardian
Child 0193,Twos A,09/11/2026,7:06 AM,4:26 PM,9.33,Parent/Guardian,Parent/Guardian
Child 0195,Twos A,09/11/2026,8:57 AM,3:55 PM,6.97,Parent/Guardian,Parent/Guardian
Child 0196,Twos A,09/11/2026,8:13 AM,3:43 PM,7.50,Parent/Guardian,Parent/Guardian
Child 0197,Twos A,09/11/2026,7:43 AM,3:33 PM,7.83,Parent/Guardian,Parent/Guardian
Child 0199,Twos A,09/11/2026,7:24 AM,4:47 PM,9.38,Parent/Guardian,Parent/Guardian
Child 0204,Twos B,09/11/2026,8:32 AM,3:22 PM,6.83,Parent/Guardian,Parent/Guardian
Child 0206,Twos B,09/11/2026,8:13 AM,5:13 PM,9.00,Parent/Guardian,Parent/Guardian
Child 0207,Twos B,09/11/2026,8:12 AM,3:44 PM,7.53,Parent/Guardian,Parent/Guardian
Child 0213,Twos B,09/11/2026,8:23 AM,4:24 PM,8.02,Parent/Guardian,Parent/Guardian
Child 0216,Twos B,09/11/2026,7:53 AM,5:25 PM,9.53,Parent/Guardian,Parent/Guardian
Child 0217,Twos B,09/11/2026,7:01 AM,4:35 PM,9.57,Parent/Guardian,Parent/Guardian
Child 0218,Twos B,09/11/2026,8:18 AM,4:04 PM,7.77,Parent/Guardian,Parent/Guardian
Child 0220,Twos B,09/11/2026,7:43 AM,4:24 PM,8.68,Parent/Guardian,Parent/Guardian
Child 0223,Twos B,09/11/2026,9:16 AM,5:34 PM,8.30,Parent/Guardian,Parent/Guardian
Child 0227,Twos B,09/11/2026,6:51 AM,5:22 PM,10.52,Parent/Guardian,Parent/Guardian
Child 0229,Twos B,09/11/2026,8:21 AM,4:36 PM,8.25,Parent/Guardian,Parent/Guardian
Child 0233,Twos B,09/11/2026,8:11 AM,3:56 PM,7.75,Parent/Guardian,Parent/Guardian
Child 0237,Twos B,09/11/2026,7:42 AM,3:50 PM,8.13,Parent/Guardian,Parent/Guardian
Child 0239,Threes,09/11/2026,9:22 AM,4:23 PM,7.02,Parent/Guardian,Parent/Guardian
Child 0241,Threes,09/11/2026,6:38 AM,5:07 PM,10.48,Parent/Guardian,Parent/Guardian
Child 0244,Threes,09/11/2026,8:04 AM,5:05 PM,9.02,Parent/Guardian,Parent/Guardian
Child 0248,Threes,09/11/2026,8:20 AM,4:11 PM,7.85,Parent/Guardian,Parent/Guardian
Child 0253,Threes,09/11/2026,8:53 AM,3:20 PM,6.45,Parent/Guardian,Parent/Guardian
Child 0255,Threes,09/11/2026,8:12 AM,5:40 PM,9.47,Parent/Guardian,Parent/Guardian
Child 0258,Threes,09/11/2026,7:21 AM,3:21 PM,8.00,Parent/Guardian,Parent/Guardian
Child 0259,Threes,09/11/2026,7:48 AM,4:41 PM,8.88,Parent/Guardian,Parent/Guardian
Child 0260,Threes,09/11/2026,8:04 AM,2:40 PM,6.60,Parent/Guardian,Parent/Guardian
Child 0264,Threes,09/11/2026,7:19 AM,2:35 PM,7.27,Parent/Guardian,Parent/Guardian
Child 0266,Threes,09/11/2026,8:19 AM,12:23 PM,4.07,Parent/Guardian,Parent/Guardian
Child 0267,Threes,09/11/2026,7:45 AM,3:27 PM,7.70,Parent/Guardian,Parent/Guardian
Child 0268,Threes,09/11/2026,8:09 AM,3:42 PM,7.55,Parent/Guardian,Parent/Guardian
Child 0270,Threes,09/11/2026,7:58 AM,5:02 PM,9.07,Parent/Guardian,Parent/Guardian
Child 0271,Threes,09/11/2026,7:12 AM,4:55 PM,9.72,Parent/Guardian,Parent/Guardian
Child 0273,Threes,09/11/2026,7:16 AM,1:47 PM,6.52,Parent/Guardian,Parent/Guardian
Child 0276,Threes,09/11/2026,7:16 AM,12:40 PM,5.40,Parent/Guardian,Parent/Guardian
Child 0281,Threes,09/11/2026,9:26 AM,5:57 PM,8.52,Parent/Guardian,Parent/Guardian
Child 0282,Threes,09/11/2026,8:00 AM,4:37 PM,8.62,Parent/Guardian,Parent/Guardian
Child 0284,Fours A,09/11/2026,8:25 AM,3:03 PM,6.63,Parent/Guardian,Parent/Guardian
Child 0288,Fours A,09/11/2026,8:58 AM,5:17 PM,8.32,Parent/Guardian,Parent/Guardian
Child 0289,Fours A,09/11/2026,7:52 AM,5:53 PM,10.02,Parent/Guardian,Parent/Guardian
Child 0294,Fours A,09/11/2026,9:17 AM,4:56 PM,7.65,Parent/Guardian,Parent/Guardian
Child 0298,Fours A,09/11/2026,8:39 AM,12:22 PM,3.72,Parent/Guardian,Parent/Guardian
Child 0306,Fours A,09/11/2026,7:58 AM,3:42 PM,7.73,Parent/Guardian,Parent/Guardian
Child 0310,Fours A,09/11/2026,8:50 AM,5:22 PM,8.53,Parent/Guardian,Parent/Guardian
Child 0314,Fours A,09/11/2026,8:20 AM,4:26 PM,8.10,Parent/Guardian,Parent/Guardian
Child 0316,Fours A,09/11/2026,8:35 AM,3:17 PM,6.70,Parent/Guardian,Parent/Guardian
Child 0319,Fours A,09/11/2026,9:28 AM,12:32 PM,3.07,Parent/Guardian,Parent/Guardian
Child 0322,Fours A,09/11/2026,8:01 AM,4:30 PM,8.48,Parent/Guardian,Parent/Guardian
Child 0328,Fours A,09/11/2026,7:35 AM,4:50 PM,9.25,Parent/Guardian,Parent/Guardian
Child 0331,Fours A,09/11/2026,8:00 AM,5:22 PM,9.37,Parent/Guardian,Parent/Guardian
Child 0332,Fours A,09/11/2026,7:55 AM,4:40 PM,8.75,Parent/Guardian,Parent/Guardian
Child 0338,Fours A,09/11/2026,7:18 AM,3:44 PM,8.43,Parent/Guardian,Parent/Guardian
Child 0343,Fours A,09/11/2026,8:14 AM,3:22 PM,7.13,Parent/Guardian,Parent/Guardian
Child 0347,Fours B,09/11/2026,9:07 AM,3:41 PM,6.57,Parent/Guardian,Parent/Guardian
Child 0348,Fours B,09/11/2026,8:10 AM,3:24 PM,7.23,Parent/Guardian,Parent/Guardian
Child 0354,Fours B,09/11/2026,8:35 AM,3:54 PM,7.32,Parent/Guardian,Parent/Guardian
Child 0362,Fours B,09/11/2026,7:18 AM,4:36 PM,9.30,Parent/Guardian,Parent/Guardian
Child 0363,Fours B,09/11/2026,6:56 AM,12:20 PM,5.40,Parent/Guardian,Parent/Guardian
Child 0366,Fours B,09/11/2026,7:05 AM,3:33 PM,8.47,Parent/Guardian,Parent/Guardian
Child 0370,Fours B,09/11/2026,8:32 AM,4:23 PM,7.85,Parent/Guardian,Parent/Guardian
Child 0374,Fours B,09/11/2026,7:37 AM,5:54 PM,10.28,Parent/Guardian,Parent/Guardian
Child 0375,Fours B,09/11/2026,8:49 AM,3:59 PM,7.17,Parent/Guardian,Parent/Guardian
Child 0383,Fours B,09/11/2026,8:53 AM,4:28 PM,7.58,Parent/Guardian,Parent/Guardian
Child 0384,Fours B,09/11/2026,7:36 AM,4:05 PM,8.48,Parent/Guardian,Parent/Guardian
Child 0389,Fours B,09/11/2026,8:05 AM,5:35 PM,9.50,Parent/Guardian,Parent/Guardian
Child 0103,Infants A,09/14/2026,8:51 AM,4:32 PM,7.68,Parent/Guardian,Parent/Guardian
Child 0104,Infants A,09/14/2026,7:42 AM,5:19 PM,9.62,Parent/Guardian,Parent/Guardian
Child 0105,Infants A,09/14/2026,8:32 AM,5:09 PM,8.62,Parent/Guardian,Parent/Guardian
Child 0109,Infants A,09/14/2026,9:00 AM,5:32 PM,8.53,Parent/Guardian,Parent/Guardian
Child 0110,Infants A,09/14/2026,7:10 AM,4:39 PM,9.48,Parent/Guardian,Parent/Guardian
Child 0111,Infants A,09/14/2026,7:58 AM,5:13 PM,9.25,Parent/Guardian,Parent/Guardian
Child 0113,Infants A,09/14/2026,7:07 AM,4:25 PM,9.30,Parent/Guardian,Parent/Guardian
Child 0114,Infants A,09/14/2026,6:56 AM,4:16 PM,9.33,Parent/Guardian,Parent/Guardian
Child 0118,Infants B,09/14/2026,7:48 AM,3:44 PM,7.93,Parent/Guardian,Parent/Guardian
Child 0121,Infants B,09/14/2026,7:31 AM,5:37 PM,10.10,Parent/Guardian,Parent/Guardian
Child 0123,Infants B,09/14/2026,8:44 AM,5:08 PM,8.40,Parent/Guardian,Parent/Guardian
Child 0126,Infants B,09/14/2026,7:51 AM,4:27 PM,8.60,Parent/Guardian,Parent/Guardian
Child 0127,Infants B,09/14/2026,7:25 AM,5:00 PM,9.58,Parent/Guardian,Parent/Guardian
Child 0131,Infants B,09/14/2026,6:30 AM,5:43 PM,11.22,Parent/Guardian,Parent/Guardian
Child 0134,Infants B,09/14/2026,7:48 AM,5:47 PM,9.98,Parent/Guardian,Parent/Guardian
Child 0138,Infants B,09/14/2026,8:28 AM,4:52 PM,8.40,Parent/Guardian,Parent/Guardian
Child 0139,Ones,09/14/2026,9:11 AM,5:14 PM,8.05,Parent/Guardian,Parent/Guardian
Child 0143,Ones,09/14/2026,7:51 AM,5:39 PM,9.80,Parent/Guardian,Parent/Guardian
Child 0144,Ones,09/14/2026,8:46 AM,4:44 PM,7.97,Parent/Guardian,Parent/Guardian
Child 0148,Ones,09/14/2026,9:25 AM,5:32 PM,8.12,Parent/Guardian,Parent/Guardian
Child 0150,Ones,09/14/2026,7:04 AM,5:23 PM,10.32,Parent/Guardian,Parent/Guardian
Child 0152,Ones,09/14/2026,7:21 AM,4:47 PM,9.43,Parent/Guardian,Parent/Guardian
Child 0156,Ones,09/14/2026,8:04 AM,4:22 PM,8.30,Parent/Guardian,Parent/Guardian
Child 0159,Ones,09/14/2026,7:43 AM,4:11 PM,8.47,Parent/Guardian,Parent/Guardian
Child 0160,Ones,09/14/2026,8:09 AM,4:55 PM,8.77,Parent/Guardian,Parent/Guardian
Child 0164,Ones,09/14/2026,8:18 AM,4:15 PM,7.95,Parent/Guardian,Parent/Guardian
Child 0166,Ones,09/14/2026,7:20 AM,5:39 PM,10.32,Parent/Guardian,Parent/Guardian
Child 0168,Twos A,09/14/2026,7:25 AM,3:34 PM,8.15,Parent/Guardian,Parent/Guardian
Child 0169,Twos A,09/14/2026,6:30 AM,4:52 PM,10.37,Parent/Guardian,Parent/Guardian
Child 0177,Twos A,09/14/2026,8:22 AM,4:57 PM,8.58,Parent/Guardian,Parent/Guardian
Child 0179,Twos A,09/14/2026,8:36 AM,5:39 PM,9.05,Parent/Guardian,Parent/Guardian
Child 0182,Twos A,09/14/2026,8:33 AM,4:21 PM,7.80,Parent/Guardian,Parent/Guardian
Child 0185,Twos A,09/14/2026,8:52 AM,4:41 PM,7.82,Parent/Guardian,Parent/Guardian
Child 0186,Twos A,09/14/2026,9:17 AM,2:49 PM,5.53,Parent/Guardian,Parent/Guardian
Child 0190,Twos A,09/14/2026,7:59 AM,5:11 PM,9.20,Parent/Guardian,Parent/Guardian
Child 0193,Twos A,09/14/2026,7:04 AM,5:10 PM,10.10,Parent/Guardian,Parent/Guardian
Child 0195,Twos A,09/14/2026,8:41 AM,4:39 PM,7.97,Parent/Guardian,Parent/Guardian
Child 0196,Twos A,09/14/2026,8:13 AM,4:07 PM,7.90,Parent/Guardian,Parent/Guardian
Child 0197,Twos A,09/14/2026,7:45 AM,4:17 PM,8.53,Parent/Guardian,Parent/Guardian
Child 0199,Twos A,09/14/2026,7:49 AM,5:14 PM,9.42,Parent/Guardian,Parent/Guardian
Child 0202,Twos A,09/14/2026,7:30 AM,4:09 PM,8.65,Parent/Guardian,Parent/Guardian
Child 0204,Twos B,09/14/2026,8:13 AM,3:10 PM,6.95,Parent/Guardian,Parent/Guardian
Child 0207,Twos B,09/14/2026,8:26 AM,4:14 PM,7.80,Parent/Guardian,Parent/Guardian
Child 0210,Twos B,09/14/2026,6:41 AM,5:37 PM,10.93,Parent/Guardian,Parent/Guardian
Child 0213,Twos B,09/14/2026,8:15 AM,4:31 PM,8.27,Parent/Guardian,Parent/Guardian
Child 0216,Twos B,09/14/2026,8:13 AM,5:55 PM,9.70,Parent/Guardian,Parent/Guardian
Child 0217,Twos B,09/14/2026,6:57 AM,5:07 PM,10.17,Parent/Guardian,Parent/Guardian
Child 0218,Twos B,09/14/2026,8:06 AM,4:28 PM,8.37,Parent/Guardian,Parent/Guardian
Child 0220,Twos B,09/14/2026,7:24 AM,5:10 PM,9.77,Parent/Guardian,Parent/Guardian
Child 0223,Twos B,09/14/2026,9:36 AM,5:12 PM,7.60,Parent/Guardian,Parent/Guardian
Child 0227,Twos B,09/14/2026,6:32 AM,5:54 PM,11.37,Parent/Guardian,Parent/Guardian
Child 0229,Twos B,09/14/2026,8:15 AM,4:49 PM,8.57,Parent/Guardian,Parent/Guardian
Child 0233,Twos B,09/14/2026,7:56 AM,3:51 PM,7.92,Parent/Guardian,Parent/Guardian
Child 0237,Twos B,09/14/2026,7:46 AM,4:32 PM,8.77,Parent/Guardian,Parent/Guardian
Child 0239,Threes,09/14/2026,9:15 AM,4:57 PM,7.70,Parent/Guardian,Parent/Guardian
Child 0241,Threes,09/14/2026,6:48 AM,6:00 PM,11.20,Parent/Guardian,Parent/Guardian
Child 0244,Threes,09/14/2026,8:14 AM,5:50 PM,9.60,Parent/Guardian,Parent/Guardian
Child 0248,Threes,09/14/2026,8:03 AM,4:36 PM,8.55,Parent/Guardian,Parent/Guardian
Child 0252,Threes,09/14/2026,8:39 AM,12:17 PM,3.63,Parent/Guardian,Parent/Guardian
Child 0253,Threes,09/14/2026,8:43 AM,4:17 PM,7.57,Parent/Guardian,Parent/Guardian
Child 0255,Threes,09/14/2026,8:10 AM,5:45 PM,9.58,Parent/Guardian,Parent/Guardian
Child 0258,Threes,09/14/2026,7:43 AM,3:56 PM,8.22,Parent/Guardian,Parent/Guardian
Child 0259,Threes,09/14/2026,8:17 AM,5:34 PM,9.28,Parent/Guardian,Parent/Guardian
Child 0260,Threes,09/14/2026,7:53 AM,3:24 PM,7.52,Parent/Guardian,Parent/Guardian
Child 0262,Threes,09/14/2026,8:06 AM,4:13 PM,8.12,Parent/Guardian,Parent/Guardian
Child 0264,Threes,09/14/2026,7:41 AM,3:23 PM,7.70,Parent/Guardian,Parent/Guardian
Child 0267,Threes,09/14/2026,7:26 AM,4:04 PM,8.63,Parent/Guardian,Parent/Guardian
Child 0268,Threes,09/14/2026,8:22 AM,4:30 PM,8.13,Parent/Guardian,Parent/Guardian
Child 0270,Threes,09/14/2026,8:01 AM,5:17 PM,9.27,Parent/Guardian,Parent/Guardian
Child 0271,Threes,09/14/2026,7:06 AM,5:39 PM,10.55,Parent/Guardian,Parent/Guardian
Child 0273,Threes,09/14/2026,7:22 AM,2:38 PM,7.27,Parent/Guardian,Parent/Guardian
Child 0276,Threes,09/14/2026,7:28 AM,12:48 PM,5.33,Parent/Guardian,Parent/Guardian
Child 0280,Threes,09/14/2026,7:34 AM,3:56 PM,8.37,Parent/Guardian,Parent/Guardian
Child 0281,Threes,09/14/2026,9:15 AM,5:47 PM,8.53,Parent/Guardian,Parent/Guardian
Child 0282,Threes,09/14/2026,7:58 AM,5:15 PM,9.28,Parent/Guardian,Parent/Guardian
Child 0284,Fours A,09/14/2026,8:33 AM,3:37 PM,7.07,Parent/Guardian,Parent/Guardian
Child 0288,Fours A,09/14/2026,8:54 AM,5:52 PM,8.97,Parent/Guardian,Parent/Guardian
Child 0289,Fours A,09/14/2026,7:53 AM,5:50 PM,9.95,Parent/Guardian,Parent/Guardian
Child 0292,Fours A,09/14/2026,8:38 AM,4:27 PM,7.82,Parent/Guardian,Parent/Guardian
Child 0294,Fours A,09/14/2026,9:10 AM,5:27 PM,8.28,Parent/Guardian,Parent/Guardian
Child 0298,Fours A,09/14/2026,8:32 AM,12:35 PM,4.05,Parent/Guardian,Parent/Guardian
Child 0303,Fours A,09/14/2026,7:12 AM,4:44 PM,9.53,Parent/Guardian,Parent/Guardian
Child 0305,Fours A,09/14/2026,8:05 AM,6:00 PM,9.92,Parent/Guardian,Parent/Guardian
Child 0306,Fours A,09/14/2026,7:54 AM,4:02 PM,8.13,Parent/Guardian,Parent/Guardian
Child 0310,Fours A,09/14/2026,8:49 AM,5:52 PM,9.05,Parent/Guardian,Parent/Guardian
Child 0314,Fours A,09/14/2026,8:31 AM,4:39 PM,8.13,Parent/Guardian,Parent/Guardian
Child 0316,Fours A,09/14/2026,8:28 AM,3:48 PM,7.33,Parent/Guardian,Parent/Guardian
Child 0319,Fours A,09/14/2026,9:05 AM,12:55 PM,3.83,Parent/Guardian,Parent/Guardian
Child 0322,Fours A,09/14/2026,7:49 AM,4:46 PM,8.95,Parent/Guardian,Parent/Guardian
Child 0338,Fours A,09/14/2026,7:37 AM,4:22 PM,8.75,Parent/Guardian,Parent/Guardian
Child 0339,Fours A,09/14/2026,7:24 AM,4:39 PM,9.25,Parent/Guardian,Parent/Guardian
Child 0343,Fours A,09/14/2026,8:26 AM,4:02 PM,7.60,Parent/Guardian,Parent/Guardian
Child 0345,Fours B,09/14/2026,9:15 AM,4:57 PM,7.70,Parent/Guardian,Parent/Guardian
Child 0348,Fours B,09/14/2026,8:15 AM,4:19 PM,8.07,Parent/Guardian,Parent/Guardian
Child 0350,Fours B,09/14/2026,8:25 AM,4:42 PM,8.28,Parent/Guardian,Parent/Guardian
Child 0356,Fours B,09/14/2026,7:58 AM,4:58 PM,9.00,Parent/Guardian,Parent/Guardian
Child 0357,Fours B,09/14/2026,7:55 AM,4:16 PM,8.35,Parent/Guardian,Parent/Guardian
Child 0358,Fours B,09/14/2026,7:53 AM,4:57 PM,9.07,Parent/Guardian,Parent/Guardian
Child 0362,Fours B,09/14/2026,7:38 AM,4:37 PM,8.98,Parent/Guardian,Parent/Guardian
Child 0366,Fours B,09/14/2026,7:33 AM,4:08 PM,8.58,Parent/Guardian,Parent/Guardian
Child 0370,Fours B,09/14/2026,8:26 AM,5:13 PM,8.78,Parent/Guardian,Parent/Guardian
Child 0374,Fours B,09/14/2026,7:56 AM,5:36 PM,9.67,Parent/Guardian,Parent/Guardian
Child 0375,Fours B,09/14/2026,8:55 AM,4:58 PM,8.05,Parent/Guardian,Parent/Guardian
Child 0379,Fours B,09/14/2026,8:29 AM,5:13 PM,8.73,Parent/Guardian,Parent/Guardian
Child 0383,Fours B,09/14/2026,9:02 AM,4:59 PM,7.95,Parent/Guardian,Parent/Guardian
Child 0384,Fours B,09/14/2026,7:44 AM,4:41 PM,8.95,Parent/Guardian,Parent/Guardian
Child 0386,Fours B,09/14/2026,7:25 AM,4:11 PM,8.77,Parent/Guardian,Parent/Guardian
Child 0103,Infants A,09/15/2026,8:40 AM,4:25 PM,7.75,Parent/Guardian,Parent/Guardian
Child 0104,Infants A,09/15/2026,8:02 AM,5:09 PM,9.12,Parent/Guardian,Parent/Guardian
Child 0105,Infants A,09/15/2026,8:34 AM,5:21 PM,8.78,Parent/Guardian,Parent/Guardian
Child 0109,Infants A,09/15/2026,8:54 AM,4:56 PM,8.03,Parent/Guardian,Parent/Guardian
Child 0110,Infants A,09/15/2026,7:41 AM,4:21 PM,8.67,Parent/Guardian,Parent/Guardian
Child 0111,Infants A,09/15/2026,7:33 AM,4:49 PM,9.27,Parent/Guardian,Parent/Guardian
Child 0112,Infants A,09/15/2026,7:24 AM,4:31 PM,9.12,Parent/Guardian,Parent/Guardian
Child 0113,Infants A,09/15/2026,7:10 AM,4:34 PM,9.40,Parent/Guardian,Parent/Guardian
Child 0114,Infants A,09/15/2026,7:27 AM,5:01 PM,9.57,Parent/Guardian,Parent/Guardian
Child 0118,Infants B,09/15/2026,8:01 AM,4:26 PM,8.42,Parent/Guardian,Parent/Guardian
Child 0121,Infants B,09/15/2026,7:42 AM,5:51 PM,10.15,Parent/Guardian,Parent/Guardian
Child 0123,Infants B,09/15/2026,8:19 AM,5:22 PM,9.05,Parent/Guardian,Parent/Guardian
Child 0126,Infants B,09/15/2026,7:47 AM,4:08 PM,8.35,Parent/Guardian,Parent/Guardian
Child 0127,Infants B,09/15/2026,7:22 AM,4:46 PM,9.40,Parent/Guardian,Parent/Guardian
Child 0131,Infants B,09/15/2026,6:36 AM,5:48 PM,11.20,Parent/Guardian,Parent/Guardian
Child 0134,Infants B,09/15/2026,7:29 AM,4:59 PM,9.50,Parent/Guardian,Parent/Guardian
Child 0138,Infants B,09/15/2026,8:18 AM,4:59 PM,8.68,Parent/Guardian,Parent/Guardian
Child 0139,Ones,09/15/2026,8:54 AM,5:03 PM,8.15,Parent/Guardian,Parent/Guardian
Child 0143,Ones,09/15/2026,7:53 AM,5:39 PM,9.77,Parent/Guardian,Parent/Guardian
Child 0144,Ones,09/15/2026,8:28 AM,4:32 PM,8.07,Parent/Guardian,Parent/Guardian
Child 0148,Ones,09/15/2026,9:05 AM,5:55 PM,8.83,Parent/Guardian,Parent/Guardian
Child 0150,Ones,09/15/2026,7:01 AM,5:32 PM,10.52,Parent/Guardian,Parent/Guardian
Child 0152,Ones,09/15/2026,7:12 AM,5:30 PM,10.30,Parent/Guardian,Parent/Guardian
Child 0156,Ones,09/15/2026,8:29 AM,5:05 PM,8.60,Parent/Guardian,Parent/Guardian
Child 0159,Ones,09/15/2026,7:29 AM,4:29 PM,9.00,Parent/Guardian,Parent/Guardian
Child 0160,Ones,09/15/2026,8:05 AM,5:16 PM,9.18,Parent/Guardian,Parent/Guardian
Child 0164,Ones,09/15/2026,7:54 AM,4:16 PM,8.37,Parent/Guardian,Parent/Guardian
Child 0166,Ones,09/15/2026,7:18 AM,5:11 PM,9.88,Parent/Guardian,Parent/Guardian
Child 0168,Twos A,09/15/2026,7:01 AM,3:59 PM,8.97,Parent/Guardian,Parent/Guardian
Child 0169,Twos A,09/15/2026,6:34 AM,5:09 PM,10.58,Parent/Guardian,Parent/Guardian
Child 0173,Twos A,09/15/2026,7:13 AM,5:15 PM,10.03,Parent/Guardian,Parent/Guardian
Child 0177,Twos A,09/15/2026,8:21 AM,4:45 PM,8.40,Parent/Guardian,Parent/Guardian
Child 0181,Twos A,09/15/2026,6:30 AM,4:32 PM,10.03,Parent/Guardian,Parent/Guardian
Child 0182,Twos A,09/15/2026,9:00 AM,3:37 PM,6.62,Parent/Guardian,Parent/Guardian
Child 0185,Twos A,09/15/2026,8:29 AM,4:22 PM,7.88,Parent/Guardian,Parent/Guardian
Child 0186,Twos A,09/15/2026,8:53 AM,2:57 PM,6.07,Parent/Guardian,Parent/Guardian
Child 0190,Twos A,09/15/2026,7:36 AM,5:15 PM,9.65,Parent/Guardian,Parent/Guardian
Child 0193,Twos A,09/15/2026,6:40 AM,5:04 PM,10.40,Parent/Guardian,Parent/Guardian
Child 0195,Twos A,09/15/2026,9:03 AM,5:15 PM,8.20,Parent/Guardian,Parent/Guardian
Child 0196,Twos A,09/15/2026,8:09 AM,4:16 PM,8.12,Parent/Guardian,Parent/Guardian
Child 0197,Twos A,09/15/2026,7:28 AM,4:08 PM,8.67,Parent/Guardian,Parent/Guardian
Child 0199,Twos A,09/15/2026,7:32 AM,4:56 PM,9.40,Parent/Guardian,Parent/Guardian
Child 0204,Twos B,09/15/2026,8:20 AM,3:30 PM,7.17,Parent/Guardian,Parent/Guardian
Child 0206,Twos B,09/15/2026,8:26 AM,5:43 PM,9.28,Parent/Guardian,Parent/Guardian
Child 0210,Twos B,09/15/2026,6:30 AM,4:44 PM,10.23,Parent/Guardian,Parent/Guardian
Child 0213,Twos B,09/15/2026,8:24 AM,4:46 PM,8.37,Parent/Guardian,Parent/Guardian
Child 0216,Twos B,09/15/2026,7:57 AM,5:55 PM,9.97,Parent/Guardian,Parent/Guardian
Child 0217,Twos B,09/15/2026,7:09 AM,4:30 PM,9.35,Parent/Guardian,Parent/Guardian
Child 0218,Twos B,09/15/2026,7:51 AM,4:28 PM,8.62,Parent/Guardian,Parent/Guardian
Child 0220,Twos B,09/15/2026,7:42 AM,4:49 PM,9.12,Parent/Guardian,Parent/Guardian
Child 0223,Twos B,09/15/2026,9:09 AM,6:00 PM,8.85,Parent/Guardian,Parent/Guardian
Child 0227,Twos B,09/15/2026,7:05 AM,5:40 PM,10.58,Parent/Guardian,Parent/Guardian
Child 0229,Twos B,09/15/2026,8:03 AM,4:47 PM,8.73,Parent/Guardian,Parent/Guardian
Child 0233,Twos B,09/15/2026,7:50 AM,4:27 PM,8.62,Parent/Guardian,Parent/Guardian
Child 0237,Twos B,09/15/2026,7:42 AM,4:34 PM,8.87,Parent/Guardian,Parent/Guardian
Child 0239,Threes,09/15/2026,8:46 AM,4:33 PM,7.78,Parent/Guardian,Parent/Guardian
Child 0241,Threes,09/15/2026,6:41 AM,5:43 PM,11.03,Parent/Guardian,Parent/Guardian
Child 0244,Threes,09/15/2026,7:51 AM,5:21 PM,9.50,Parent/Guardian,Parent/Guardian
Child 0248,Threes,09/15/2026,8:09 AM,5:04 PM,8.92,Parent/Guardian,Parent/Guardian
Child 0252,Threes,09/15/2026,8:45 AM,11:58 AM,3.22,Parent/Guardian,Parent/Guardian
Child 0253,Threes,09/15/2026,8:47 AM,3:28 PM,6.68,Parent/Guardian,Parent/Guardian
Child 0255,Threes,09/15/2026,8:33 AM,5:42 PM,9.15,Parent/Guardian,Parent/Guardian
Child 0258,Threes,09/15/2026,7:41 AM,3:40 PM,7.98,Parent/Guardian,Parent/Guardian
Child 0259,Threes,09/15/2026,8:08 AM,5:12 PM,9.07,Parent/Guardian,Parent/Guardian
Child 0260,Threes,09/15/2026,8:09 AM,3:14 PM,7.08,Parent/Guardian,Parent/Guardian
Child 0262,Threes,09/15/2026,8:08 AM,4:16 PM,8.13,Parent/Guardian,Parent/Guardian
Child 0264,Threes,09/15/2026,8:11 AM,3:20 PM,7.15,Parent/Guardian,Parent/Guardian
Child 0266,Threes,09/15/2026,8:14 AM,12:28 PM,4.23,Parent/Guardian,Parent/Guardian
Child 0267,Threes,09/15/2026,7:40 AM,4:22 PM,8.70,Parent/Guardian,Parent/Guardian
Child 0270,Threes,09/15/2026,8:05 AM,5:28 PM,9.38,Parent/Guardian,Parent/Guardian
Child 0271,Threes,09/15/2026,7:27 AM,5:34 PM,10.12,Parent/Guardian,Parent/Guardian
Child 0273,Threes,09/15/2026,7:24 AM,2:44 PM,7.33,Parent/Guardian,Parent/Guardian
Child 0276,Threes,09/15/2026,7:17 AM,12:50 PM,5.55,Parent/Guardian,Parent/Guardian
Child 0280,Threes,09/15/2026,7:51 AM,4:19 PM,8.47,Parent/Guardian,Parent/Guardian
Child 0281,Threes,09/15/2026,8:50 AM,5:42 PM,8.87,Parent/Guardian,Parent/Guardian
Child 0282,Threes,09/15/2026,7:56 AM,4:59 PM,9.05,Parent/Guardian,Parent/Guardian
Child 0284,Fours A,09/15/2026,8:36 AM,3:23 PM,6.78,Parent/Guardian,Parent/Guardian
Child 0288,Fours A,09/15/2026,8:59 AM,6:00 PM,9.02,Parent/Guardian,Parent/Guardian
Child 0289,Fours A,09/15/2026,7:47 AM,5:38 PM,9.85,Parent/Guardian,Parent/Guardian
Child 0292,Fours A,09/15/2026,8:44 AM,4:25 PM,7.68,Parent/Guardian,Parent/Guardian
Child 0294,Fours A,09/15/2026,9:14 AM,5:34 PM,8.33,Parent/Guardian,Parent/Guardian
Child 0298,Fours A,09/15/2026,8:43 AM,12:32 PM,3.82,Parent/Guardian,Parent/Guardian
Child 0300,Fours A,09/15/2026,9:19 AM,4:03 PM,6.73,Parent/Guardian,Parent/Guardian
Child 0305,Fours A,09/15/2026,8:08 AM,6:00 PM,9.87,Parent/Guardian,Parent/Guardian
Child 0306,Fours A,09/15/2026,7:40 AM,4:08 PM,8.47,Parent/Guardian,Parent/Guardian
Child 0310,Fours A,09/15/2026,9:25 AM,5:51 PM,8.43,Parent/Guardian,Parent/Guardian
Child 0314,Fours A,09/15/2026,8:22 AM,4:21 PM,7.98,Parent/Guardian,Parent/Guardian
Child 0319,Fours A,09/15/2026,9:08 AM,12:20 PM,3.20,Parent/Guardian,Parent/Guardian
Child 0322,Fours A,09/15/2026,8:10 AM,4:21 PM,8.18,Parent/Guardian,Parent/Guardian
Child 0325,Fours A,09/15/2026,6:52 AM,12:44 PM,5.87,Parent/Guardian,Parent/Guardian
Child 0328,Fours A,09/15/2026,7:36 AM,5:00 PM,9.40,Parent/Guardian,Parent/Guardian
Child 0331,Fours A,09/15/2026,7:56 AM,6:00 PM,10.07,Parent/Guardian,Parent/Guardian
Child 0332,Fours A,09/15/2026,7:57 AM,4:36 PM,8.65,Parent/Guardian,Parent/Guardian
Child 0338,Fours A,09/15/2026,7:30 AM,4:24 PM,8.90,Parent/Guardian,Parent/Guardian
Child 0339,Fours A,09/15/2026,7:22 AM,4:02 PM,8.67,Parent/Guardian,Parent/Guardian
Child 0343,Fours A,09/15/2026,8:18 AM,3:42 PM,7.40,Parent/Guardian,Parent/Guardian
Child 0345,Fours B,09/15/2026,9:08 AM,5:13 PM,8.08,Parent/Guardian,Parent/Guardian
Child 0347,Fours B,09/15/2026,8:44 AM,4:01 PM,7.28,Parent/Guardian,Parent/Guardian
Child 0348,Fours B,09/15/2026,8:14 AM,4:10 PM,7.93,Parent/Guardian,Parent/Guardian
Child 0350,Fours B,09/15/2026,8:01 AM,4:52 PM,8.85,Parent/Guardian,Parent/Guardian
Child 0354,Fours B,09/15/2026,8:31 AM,4:03 PM,7.53,Parent/Guardian,Parent/Guardian
Child 0356,Fours B,09/15/2026,7:54 AM,4:49 PM,8.92,Parent/Guardian,Parent/Guardian
Child 0357,Fours B,09/15/2026,7:40 AM,4:22 PM,8.70,Parent/Guardian,Parent/Guardian
Child 0362,Fours B,09/15/2026,6:59 AM,5:03 PM,10.07,Parent/Guardian,Parent/Guardian
Child 0363,Fours B,09/15/2026,7:24 AM,1:05 PM,5.68,Parent/Guardian,Parent/Guardian
Child 0366,Fours B,09/15/2026,7:12 AM,3:42 PM,8.50,Parent/Guardian,Parent/Guardian
Child 0370,Fours B,09/15/2026,8:44 AM,5:07 PM,8.38,Parent/Guardian,Parent/Guardian
Child 0374,Fours B,09/15/2026,7:33 AM,6:00 PM,10.45,Parent/Guardian,Parent/Guardian
Child 0379,Fours B,09/15/2026,8:55 AM,4:57 PM,8.03,Parent/Guardian,Parent/Guardian
Child 0383,Fours B,09/15/2026,8:49 AM,4:58 PM,8.15,Parent/Guardian,Parent/Guardian
Child 0384,Fours B,09/15/2026,7:48 AM,4:59 PM,9.18,Parent/Guardian,Parent/Guardian
Child 0386,Fours B,09/15/2026,6:59 AM,4:18 PM,9.32,Parent/Guardian,Parent/Guardian
Child 0389,Fours B,09/15/2026,7:58 AM,6:00 PM,10.03,Parent/Guardian,Parent/Guardian
Child 0390,Fours B,09/15/2026,8:37 AM,4:24 PM,7.78,Parent/Guardian,Parent/Guardian
Child 0103,Infants A,09/16/2026,8:28 AM,4:27 PM,7.98,Parent/Guardian,Parent/Guardian
Child 0104,Infants A,09/16/2026,7:52 AM,5:09 PM,9.28,Parent/Guardian,Parent/Guardian
Child 0105,Infants A,09/16/2026,8:40 AM,5:33 PM,8.88,Parent/Guardian,Parent/Guardian
Child 0110,Infants A,09/16/2026,7:05 AM,4:43 PM,9.63,Parent/Guardian,Parent/Guardian
Child 0111,Infants A,09/16/2026,7:52 AM,4:42 PM,8.83,Parent/Guardian,Parent/Guardian
Child 0112,Infants A,09/16/2026,7:01 AM,4:31 PM,9.50,Parent/Guardian,Parent/Guardian
Child 0113,Infants A,09/16/2026,7:10 AM,3:52 PM,8.70,Parent/Guardian,Parent/Guardian
Child 0114,Infants A,09/16/2026,6:56 AM,4:46 PM,9.83,Parent/Guardian,Parent/Guardian
Child 0118,Infants B,09/16/2026,8:21 AM,4:30 PM,8.15,Parent/Guardian,Parent/Guardian
Child 0121,Infants B,09/16/2026,7:21 AM,6:00 PM,10.65,Parent/Guardian,Parent/Guardian
Child 0123,Infants B,09/16/2026,8:40 AM,5:26 PM,8.77,Parent/Guardian,Parent/Guardian
Child 0126,Infants B,09/16/2026,7:47 AM,4:33 PM,8.77,Parent/Guardian,Parent/Guardian
Child 0127,Infants B,09/16/2026,7:51 AM,4:47 PM,8.93,Parent/Guardian,Parent/Guardian
Child 0131,Infants B,09/16/2026,6:43 AM,5:58 PM,11.25,Parent/Guardian,Parent/Guardian
Child 0134,Infants B,09/16/2026,7:22 AM,5:09 PM,9.78,Parent/Guardian,Parent/Guardian
Child 0138,Infants B,09/16/2026,7:52 AM,4:48 PM,8.93,Parent/Guardian,Parent/Guardian
Child 0139,Ones,09/16/2026,9:00 AM,4:57 PM,7.95,Parent/Guardian,Parent/Guardian
Child 0143,Ones,09/16/2026,8:08 AM,5:46 PM,9.63,Parent/Guardian,Parent/Guardian
Child 0144,Ones,09/16/2026,8:31 AM,4:33 PM,8.03,Parent/Guardian,Parent/Guardian
Child 0150,Ones,09/16/2026,6:30 AM,5:47 PM,11.28,Parent/Guardian,Parent/Guardian
Child 0152,Ones,09/16/2026,7:07 AM,5:06 PM,9.98,Parent/Guardian,Parent/Guardian
Child 0156,Ones,09/16/2026,8:20 AM,4:28 PM,8.13,Parent/Guardian,Parent/Guardian
Child 0159,Ones,09/16/2026,7:51 AM,4:23 PM,8.53,Parent/Guardian,Parent/Guardian
Child 0160,Ones,09/16/2026,8:32 AM,5:20 PM,8.80,Parent/Guardian,Parent/Guardian
Child 0164,Ones,09/16/2026,7:54 AM,4:00 PM,8.10,Parent/Guardian,Parent/Guardian
Child 0166,Ones,09/16/2026,7:28 AM,5:03 PM,9.58,Parent/Guardian,Parent/Guardian
Child 0168,Twos A,09/16/2026,7:41 AM,3:54 PM,8.22,Parent/Guardian,Parent/Guardian
Child 0169,Twos A,09/16/2026,6:40 AM,5:37 PM,10.95,Parent/Guardian,Parent/Guardian
Child 0173,Twos A,09/16/2026,7:22 AM,5:33 PM,10.18,Parent/Guardian,Parent/Guardian
Child 0177,Twos A,09/16/2026,8:08 AM,4:58 PM,8.83,Parent/Guardian,Parent/Guardian
Child 0179,Twos A,09/16/2026,8:37 AM,5:28 PM,8.85,Parent/Guardian,Parent/Guardian
Child 0181,Twos A,09/16/2026,6:38 AM,4:29 PM,9.85,Parent/Guardian,Parent/Guardian
Child 0182,Twos A,09/16/2026,8:43 AM,4:14 PM,7.52,Parent/Guardian,Parent/Guardian
Child 0185,Twos A,09/16/2026,8:50 AM,4:19 PM,7.48,Parent/Guardian,Parent/Guardian
Child 0186,Twos A,09/16/2026,9:23 AM,3:00 PM,5.62,Parent/Guardian,Parent/Guardian
Child 0190,Twos A,09/16/2026,7:44 AM,5:24 PM,9.67,Parent/Guardian,Parent/Guardian
Child 0193,Twos A,09/16/2026,6:38 AM,5:34 PM,10.93,Parent/Guardian,Parent/Guardian
Child 0197,Twos A,09/16/2026,7:58 AM,4:13 PM,8.25,Parent/Guardian,Parent/Guardian
Child 0199,Twos A,09/16/2026,7:51 AM,4:49 PM,8.97,Parent/Guardian,Parent/Guardian
Child 0202,Twos A,09/16/2026,7:27 AM,3:52 PM,8.42,Parent/Guardian,Parent/Guardian
Child 0204,Twos B,09/16/2026,8:39 AM,3:32 PM,6.88,Parent/Guardian,Parent/Guardian
Child 0206,Twos B,09/16/2026,8:20 AM,4:51 PM,8.52,Parent/Guardian,Parent/Guardian
Child 0207,Twos B,09/16/2026,8:27 AM,3:48 PM,7.35,Parent/Guardian,Parent/Guardian
Child 0210,Twos B,09/16/2026,6:38 AM,5:38 PM,11.00,Parent/Guardian,Parent/Guardian
Child 0213,Twos B,09/16/2026,8:16 AM,4:58 PM,8.70,Parent/Guardian,Parent/Guardian
Child 0216,Twos B,09/16/2026,8:13 AM,6:00 PM,9.78,Parent/Guardian,Parent/Guardian
Child 0218,Twos B,09/16/2026,8:20 AM,4:10 PM,7.83,Parent/Guardian,Parent/Guardian
Child 0223,Twos B,09/16/2026,9:23 AM,5:28 PM,8.08,Parent/Guardian,Parent/Guardian
Child 0227,Twos B,09/16/2026,6:34 AM,5:56 PM,11.37,Parent/Guardian,Parent/Guardian
Child 0229,Twos B,09/16/2026,8:15 AM,4:58 PM,8.72,Parent/Guardian,Parent/Guardian
Child 0233,Twos B,09/16/2026,8:05 AM,4:28 PM,8.38,Parent/Guardian,Parent/Guardian
Child 0237,Twos B,09/16/2026,7:39 AM,4:18 PM,8.65,Parent/Guardian,Parent/Guardian
Child 0239,Threes,09/16/2026,9:15 AM,5:14 PM,7.98,Parent/Guardian,Parent/Guardian
Child 0248,Threes,09/16/2026,8:03 AM,4:44 PM,8.68,Parent/Guardian,Parent/Guardian
Child 0252,Threes,09/16/2026,8:54 AM,12:08 PM,3.23,Parent/Guardian,Parent/Guardian
Child 0253,Threes,09/16/2026,8:19 AM,3:45 PM,7.43,Parent/Guardian,Parent/Guardian
Child 0255,Threes,09/16/2026,8:27 AM,5:46 PM,9.32,Parent/Guardian,Parent/Guardian
Child 0258,Threes,09/16/2026,7:54 AM,4:09 PM,8.25,Parent/Guardian,Parent/Guardian
Child 0259,Threes,09/16/2026,7:33 AM,5:22 PM,9.82,Parent/Guardian,Parent/Guardian
Child 0260,Threes,09/16/2026,7:55 AM,3:16 PM,7.35,Parent/Guardian,Parent/Guardian
Child 0262,Threes,09/16/2026,7:41 AM,4:19 PM,8.63,Parent/Guardian,Parent/Guardian
Child 0264,Threes,09/16/2026,7:29 AM,3:41 PM,8.20,Parent/Guardian,Parent/Guardian
Child 0266,Threes,09/16/2026,8:21 AM,12:46 PM,4.42,Parent/Guardian,Parent/Guardian
Child 0267,Threes,09/16/2026,7:22 AM,4:03 PM,8.68,Parent/Guardian,Parent/Guardian
Child 0270,Threes,09/16/2026,8:04 AM,5:14 PM,9.17,Parent/Guardian,Parent/Guardian
Child 0271,Threes,09/16/2026,7:18 AM,5:24 PM,10.10,Parent/Guardian,Parent/Guardian
Child 0273,Threes,09/16/2026,7:09 AM,2:23 PM,7.23,Parent/Guardian,Parent/Guardian
Child 0276,Threes,09/16/2026,7:33 AM,12:38 PM,5.08,Parent/Guardian,Parent/Guardian
Child 0280,Threes,09/16/2026,8:04 AM,3:53 PM,7.82,Parent/Guardian,Parent/Guardian
Child 0281,Threes,09/16/2026,9:15 AM,6:00 PM,8.75,Parent/Guardian,Parent/Guardian
Child 0282,Threes,09/16/2026,8:02 AM,5:32 PM,9.50,Parent/Guardian,Parent/Guardian
Child 0284,Fours A,09/16/2026,8:26 AM,3:34 PM,7.13,Parent/Guardian,Parent/Guardian
Child 0288,Fours A,09/16/2026,8:57 AM,5:56 PM,8.98,Parent/Guardian,Parent/Guardian
Child 0289,Fours A,09/16/2026,8:00 AM,6:00 PM,10.00,Parent/Guardian,Parent/Guardian
Child 0292,Fours A,09/16/2026,8:52 AM,4:12 PM,7.33,Parent/Guardian,Parent/Guardian
Child 0294,Fours A,09/16/2026,9:25 AM,5:06 PM,7.68,Parent/Guardian,Parent/Guardian
Child 0298,Fours A,09/16/2026,8:42 AM,12:40 PM,3.97,Parent/Guardian,Parent/Guardian
Child 0300,Fours A,09/16/2026,9:22 AM,3:57 PM,6.58,Parent/Guardian,Parent/Guardian
Child 0305,Fours A,09/16/2026,8:10 AM,5:28 PM,9.30,Parent/Guardian,Parent/Guardian
Child 0306,Fours A,09/16/2026,7:54 AM,3:45 PM,7.85,Parent/Guardian,Parent/Guardian
Child 0310,Fours A,09/16/2026,9:12 AM,5:32 PM,8.33,Parent/Guardian,Parent/Guardian
Child 0316,Fours A,09/16/2026,8:28 AM,4:02 PM,7.57,Parent/Guardian,Parent/Guardian
Child 0319,Fours A,09/16/2026,9:02 AM,12:56 PM,3.90,Parent/Guardian,Parent/Guardian
Child 0322,Fours A,09/16/2026,7:59 AM,4:43 PM,8.73,Parent/Guardian,Parent/Guardian
Child 0328,Fours A,09/16/2026,7:45 AM,5:21 PM,9.60,Parent/Guardian,Parent/Guardian
Child 0331,Fours A,09/16/2026,7:54 AM,6:00 PM,10.10,Parent/Guardian,Parent/Guardian
Child 0332,Fours A,09/16/2026,7:41 AM,4:52 PM,9.18,Parent/Guardian,Parent/Guardian
Child 0334,Fours A,09/16/2026,7:57 AM,5:13 PM,9.27,Parent/Guardian,Parent/Guardian
Child 0338,Fours A,09/16/2026,7:34 AM,4:11 PM,8.62,Parent/Guardian,Parent/Guardian
Child 0339,Fours A,09/16/2026,7:14 AM,4:38 PM,9.40,Parent/Guardian,Parent/Guardian
Child 0343,Fours A,09/16/2026,8:13 AM,4:21 PM,8.13,Parent/Guardian,Parent/Guardian
Child 0345,Fours B,09/16/2026,9:21 AM,4:56 PM,7.58,Parent/Guardian,Parent/Guardian
Child 0347,Fours B,09/16/2026,9:02 AM,3:53 PM,6.85,Parent/Guardian,Parent/Guardian
Child 0348,Fours B,09/16/2026,8:36 AM,4:14 PM,7.63,Parent/Guardian,Parent/Guardian
Child 0350,Fours B,09/16/2026,8:22 AM,4:43 PM,8.35,Parent/Guardian,Parent/Guardian
Child 0354,Fours B,09/16/2026,8:17 AM,4:01 PM,7.73,Parent/Guardian,Parent/Guardian
Child 0356,Fours B,09/16/2026,8:06 AM,4:59 PM,8.88,Parent/Guardian,Parent/Guardian
Child 0357,Fours B,09/16/2026,8:00 AM,4:45 PM,8.75,Parent/Guardian,Parent/Guardian
Child 0358,Fours B,09/16/2026,8:23 AM,4:01 PM,7.63,Parent/Guardian,Parent/Guardian
Child 0362,Fours B,09/16/2026,7:01 AM,5:03 PM,10.03,Parent/Guardian,Parent/Guardian
Child 0363,Fours B,09/16/2026,7:13 AM,12:42 PM,5.48,Parent/Guardian,Parent/Guardian
Child 0366,Fours B,09/16/2026,7:35 AM,3:50 PM,8.25,Parent/Guardian,Parent/Guardian
Child 0374,Fours B,09/16/2026,7:50 AM,5:34 PM,9.73,Parent/Guardian,Parent/Guardian
Child 0375,Fours B,09/16/2026,8:26 AM,4:19 PM,7.88,Parent/Guardian,Parent/Guardian
Child 0379,Fours B,09/16/2026,8:27 AM,4:41 PM,8.23,Parent/Guardian,Parent/Guardian
Child 0383,Fours B,09/16/2026,8:38 AM,4:58 PM,8.33,Parent/Guardian,Parent/Guardian
Child 0384,Fours B,09/16/2026,7:29 AM,4:41 PM,9.20,Parent/Guardian,Parent/Guardian
Child 0386,Fours B,09/16/2026,7:17 AM,4:03 PM,8.77,Parent/Guardian,Parent/Guardian
Child 0389,Fours B,09/16/2026,8:04 AM,5:37 PM,9.55,Parent/Guardian,Parent/Guardian
Child 0390,Fours B,09/16/2026,9:22 AM,4:07 PM,6.75,Parent/Guardian,Parent/Guardian
Child 0103,Infants A,09/17/2026,8:39 AM,4:35 PM,7.93,Parent/Guardian,Parent/Guardian
Child 0104,Infants A,09/17/2026,7:32 AM,5:12 PM,9.67,Parent/Guardian,Parent/Guardian
Child 0105,Infants A,09/17/2026,8:33 AM,5:24 PM,8.85,Parent/Guardian,Parent/Guardian
Child 0109,Infants A,09/17/2026,8:39 AM,5:13 PM,8.57,Parent/Guardian,Parent/Guardian
Child 0110,Infants A,09/17/2026,7:10 AM,4:25 PM,9.25,Parent/Guardian,Parent/Guardian
Child 0111,Infants A,09/17/2026,7:41 AM,4:29 PM,8.80,Parent/Guardian,Parent/Guardian
Child 0112,Infants A,09/17/2026,7:08 AM,4:24 PM,9.27,Parent/Guardian,Parent/Guardian
Child 0113,Infants A,09/17/2026,7:05 AM,4:02 PM,8.95,Parent/Guardian,Parent/Guardian
Child 0114,Infants A,09/17/2026,6:58 AM,4:30 PM,9.53,Parent/Guardian,Parent/Guardian
Child 0118,Infants B,09/17/2026,7:57 AM,4:08 PM,8.18,Parent/Guardian,Parent/Guardian
Child 0121,Infants B,09/17/2026,7:21 AM,6:00 PM,10.65,Parent/Guardian,Parent/Guardian
Child 0123,Infants B,09/17/2026,8:39 AM,5:13 PM,8.57,Parent/Guardian,Parent/Guardian
Child 0126,Infants B,09/17/2026,7:48 AM,3:58 PM,8.17,Parent/Guardian,Parent/Guardian
Child 0127,Infants B,09/17/2026,7:31 AM,4:38 PM,9.12,Parent/Guardian,Parent/Guardian
Child 0131,Infants B,09/17/2026,6:39 AM,5:44 PM,11.08,Parent/Guardian,Parent/Guardian
Child 0134,Infants B,09/17/2026,7:44 AM,5:48 PM,10.07,Parent/Guardian,Parent/Guardian
Child 0138,Infants B,09/17/2026,8:23 AM,4:51 PM,8.47,Parent/Guardian,Parent/Guardian
Child 0139,Ones,09/17/2026,9:22 AM,5:16 PM,7.90,Parent/Guardian,Parent/Guardian
Child 0143,Ones,09/17/2026,7:52 AM,5:39 PM,9.78,Parent/Guardian,Parent/Guardian
Child 0144,Ones,09/17/2026,8:21 AM,4:16 PM,7.92,Parent/Guardian,Parent/Guardian
Child 0148,Ones,09/17/2026,8:51 AM,4:57 PM,8.10,Parent/Guardian,Parent/Guardian
Child 0150,Ones,09/17/2026,6:56 AM,5:07 PM,10.18,Parent/Guardian,Parent/Guardian
Child 0152,Ones,09/17/2026,7:12 AM,5:13 PM,10.02,Parent/Guardian,Parent/Guardian
Child 0156,Ones,09/17/2026,8:19 AM,4:12 PM,7.88,Parent/Guardian,Parent/Guardian
Child 0159,Ones,09/17/2026,8:19 AM,4:20 PM,8.02,Parent/Guardian,Parent/Guardian
Child 0160,Ones,09/17/2026,8:15 AM,5:23 PM,9.13,Parent/Guardian,Parent/Guardian
Child 0164,Ones,09/17/2026,8:26 AM,4:35 PM,8.15,Parent/Guardian,Parent/Guardian
Child 0166,Ones,09/17/2026,7:26 AM,5:10 PM,9.73,Parent/Guardian,Parent/Guardian
Child 0168,Twos A,09/17/2026,7:57 AM,3:43 PM,7.77,Parent/Guardian,Parent/Guardian
Child 0169,Twos A,09/17/2026,6:36 AM,5:12 PM,10.60,Parent/Guardian,Parent/Guardian
Child 0173,Twos A,09/17/2026,7:39 AM,5:14 PM,9.58,Parent/Guardian,Parent/Guardian
Child 0177,Twos A,09/17/2026,8:19 AM,4:34 PM,8.25,Parent/Guardian,Parent/Guardian
Child 0179,Twos A,09/17/2026,8:56 AM,5:47 PM,8.85,Parent/Guardian,Parent/Guardian
Child 0181,Twos A,09/17/2026,6:30 AM,4:16 PM,9.77,Parent/Guardian,Parent/Guardian
Child 0182,Twos A,09/17/2026,8:41 AM,4:04 PM,7.38,Parent/Guardian,Parent/Guardian
Child 0185,Twos A,09/17/2026,8:40 AM,4:35 PM,7.92,Parent/Guardian,Parent/Guardian
Child 0186,Twos A,09/17/2026,9:24 AM,3:17 PM,5.88,Parent/Guardian,Parent/Guardian
Child 0190,Twos A,09/17/2026,7:56 AM,5:07 PM,9.18,Parent/Guardian,Parent/Guardian
Child 0193,Twos A,09/17/2026,7:18 AM,4:56 PM,9.63,Parent/Guardian,Parent/Guardian
Child 0195,Twos A,09/17/2026,9:17 AM,4:31 PM,7.23,Parent/Guardian,Parent/Guardian
Child 0196,Twos A,09/17/2026,7:53 AM,4:12 PM,8.32,Parent/Guardian,Parent/Guardian
Child 0197,Twos A,09/17/2026,8:12 AM,4:22 PM,8.17,Parent/Guardian,Parent/Guardian
Child 0199,Twos A,09/17/2026,7:46 AM,5:37 PM,9.85,Parent/Guardian,Parent/Guardian
Child 0202,Twos A,09/17/2026,7:18 AM,4:02 PM,8.73,Parent/Guardian,Parent/Guardian
Child 0204,Twos B,09/17/2026,8:46 AM,3:50 PM,7.07,Parent/Guardian,Parent/Guardian
Child 0206,Twos B,09/17/2026,8:30 AM,5:28 PM,8.97,Parent/Guardian,Parent/Guardian
Child 0207,Twos B,09/17/2026,8:30 AM,4:16 PM,7.77,Parent/Guardian,Parent/Guardian
Child 0210,Twos B,09/17/2026,6:40 AM,5:50 PM,11.17,Parent/Guardian,Parent/Guardian
Child 0213,Twos B,09/17/2026,8:25 AM,5:15 PM,8.83,Parent/Guardian,Parent/Guardian
Child 0216,Twos B,09/17/2026,7:57 AM,5:34 PM,9.62,Parent/Guardian,Parent/Guardian
Child 0217,Twos B,09/17/2026,6:56 AM,4:54 PM,9.97,Parent/Guardian,Parent/Guardian
Child 0220,Twos B,09/17/2026,7:38 AM,4:28 PM,8.83,Parent/Guardian,Parent/Guardian
Child 0223,Twos B,09/17/2026,10:05 AM,5:22 PM,7.28,Parent/Guardian,Parent/Guardian
Child 0227,Twos B,09/17/2026,6:30 AM,6:00 PM,11.50,Parent/Guardian,Parent/Guardian
Child 0229,Twos B,09/17/2026,8:37 AM,5:02 PM,8.42,Parent/Guardian,Parent/Guardian
Child 0233,Twos B,09/17/2026,8:15 AM,4:19 PM,8.07,Parent/Guardian,Parent/Guardian
Child 0237,Twos B,09/17/2026,7:58 AM,4:28 PM,8.50,Parent/Guardian,Parent/Guardian
Child 0241,Threes,09/17/2026,7:00 AM,5:15 PM,10.25,Parent/Guardian,Parent/Guardian
Child 0244,Threes,09/17/2026,7:56 AM,5:36 PM,9.67,Parent/Guardian,Parent/Guardian
Child 0248,Threes,09/17/2026,8:17 AM,5:03 PM,8.77,Parent/Guardian,Parent/Guardian
Child 0252,Threes,09/17/2026,8:18 AM,12:46 PM,4.47,Parent/Guardian,Parent/Guardian
Child 0253,Threes,09/17/2026,8:33 AM,4:10 PM,7.62,Parent/Guardian,Parent/Guardian
Child 0255,Threes,09/17/2026,8:24 AM,5:37 PM,9.22,Parent/Guardian,Parent/Guardian
Child 0258,Threes,09/17/2026,7:46 AM,3:55 PM,8.15,Parent/Guardian,Parent/Guardian
Child 0260,Threes,09/17/2026,8:01 AM,3:20 PM,7.32,Parent/Guardian,Parent/Guardian
Child 0262,Threes,09/17/2026,7:47 AM,4:12 PM,8.42,Parent/Guardian,Parent/Guardian
Child 0264,Threes,09/17/2026,7:17 AM,3:11 PM,7.90,Parent/Guardian,Parent/Guardian
Child 0266,Threes,09/17/2026,8:16 AM,12:13 PM,3.95,Parent/Guardian,Parent/Guardian
Child 0267,Threes,09/17/2026,7:27 AM,3:58 PM,8.52,Parent/Guardian,Parent/Guardian
Child 0268,Threes,09/17/2026,8:11 AM,4:41 PM,8.50,Parent/Guardian,Parent/Guardian
Child 0270,Threes,09/17/2026,8:07 AM,5:09 PM,9.03,Parent/Guardian,Parent/Guardian
Child 0271,Threes,09/17/2026,7:04 AM,5:25 PM,10.35,Parent/Guardian,Parent/Guardian
Child 0273,Threes,09/17/2026,7:21 AM,2:29 PM,7.13,Parent/Guardian,Parent/Guardian
Child 0276,Threes,09/17/2026,7:36 AM,12:54 PM,5.30,Parent/Guardian,Parent/Guardian
Child 0280,Threes,09/17/2026,7:55 AM,3:49 PM,7.90,Parent/Guardian,Parent/Guardian
Child 0281,Threes,09/17/2026,9:06 AM,5:57 PM,8.85,Parent/Guardian,Parent/Guardian
Child 0282,Threes,09/17/2026,7:57 AM,4:51 PM,8.90,Parent/Guardian,Parent/Guardian
Child 0284,Fours A,09/17/2026,8:05 AM,3:14 PM,7.15,Parent/Guardian,Parent/Guardian
Child 0288,Fours A,09/17/2026,8:58 AM,5:56 PM,8.97,Parent/Guardian,Parent/Guardian
Child 0289,Fours A,09/17/2026,7:52 AM,5:58 PM,10.10,Parent/Guardian,Parent/Guardian
Child 0292,Fours A,09/17/2026,9:23 AM,4:14 PM,6.85,Parent/Guardian,Parent/Guardian
Child 0294,Fours A,09/17/2026,8:54 AM,5:08 PM,8.23,Parent/Guardian,Parent/Guardian
Child 0298,Fours A,09/17/2026,8:34 AM,12:54 PM,4.33,Parent/Guardian,Parent/Guardian
Child 0300,Fours A,09/17/2026,9:29 AM,4:06 PM,6.62,Parent/Guardian,Parent/Guardian
Child 0303,Fours A,09/17/2026,7:14 AM,4:21 PM,9.12,Parent/Guardian,Parent/Guardian
Child 0305,Fours A,09/17/2026,8:01 AM,5:58 PM,9.95,Parent/Guardian,Parent/Guardian
Child 0306,Fours A,09/17/2026,7:58 AM,4:05 PM,8.12,Parent/Guardian,Parent/Guardian
Child 0310,Fours A,09/17/2026,9:21 AM,5:20 PM,7.98,Parent/Guardian,Parent/Guardian
Child 0316,Fours A,09/17/2026,8:32 AM,4:08 PM,7.60,Parent/Guardian,Parent/Guardian
Child 0319,Fours A,09/17/2026,9:27 AM,12:29 PM,3.03,Parent/Guardian,Parent/Guardian
Child 0322,Fours A,09/17/2026,7:28 AM,4:58 PM,9.50,Parent/Guardian,Parent/Guardian
Child 0325,Fours A,09/17/2026,7:30 AM,12:10 PM,4.67,Parent/Guardian,Parent/Guardian
Child 0328,Fours A,09/17/2026,7:55 AM,5:02 PM,9.12,Parent/Guardian,Parent/Guardian
Child 0331,Fours A,09/17/2026,8:11 AM,5:48 PM,9.62,Parent/Guardian,Parent/Guardian
Child 0334,Fours A,09/17/2026,7:55 AM,4:41 PM,8.77,Parent/Guardian,Parent/Guardian
Child 0338,Fours A,09/17/2026,7:13 AM,4:23 PM,9.17,Parent/Guardian,Parent/Guardian
Child 0339,Fours A,09/17/2026,7:31 AM,4:44 PM,9.22,Parent/Guardian,Parent/Guardian
Child 0343,Fours A,09/17/2026,8:25 AM,3:30 PM,7.08,Parent/Guardian,Parent/Guardian
Child 0345,Fours B,09/17/2026,9:13 AM,4:57 PM,7.73,Parent/Guardian,Parent/Guardian
Child 0347,Fours B,09/17/2026,9:04 AM,4:11 PM,7.12,Parent/Guardian,Parent/Guardian
Child 0348,Fours B,09/17/2026,8:21 AM,3:51 PM,7.50,Parent/Guardian,Parent/Guardian
Child 0350,Fours B,09/17/2026,8:27 AM,4:46 PM,8.32,Parent/Guardian,Parent/Guardian
Child 0354,Fours B,09/17/2026,8:11 AM,4:21 PM,8.17,Parent/Guardian,Parent/Guardian
Child 0356,Fours B,09/17/2026,7:49 AM,4:44 PM,8.92,Parent/Guardian,Parent/Guardian
Child 0357,Fours B,09/17/2026,7:56 AM,4:17 PM,8.35,Parent/Guardian,Parent/Guardian
Child 0358,Fours B,09/17/2026,8:32 AM,4:38 PM,8.10,Parent/Guardian,Parent/Guardian
Child 0362,Fours B,09/17/2026,7:16 AM,4:37 PM,9.35,Parent/Guardian,Parent/Guardian
Child 0363,Fours B,09/17/2026,7:26 AM,12:54 PM,5.47,Parent/Guardian,Parent/Guardian
Child 0366,Fours B,09/17/2026,7:27 AM,4:03 PM,8.60,Parent/Guardian,Parent/Guardian
Child 0370,Fours B,09/17/2026,8:08 AM,5:34 PM,9.43,Parent/Guardian,Parent/Guardian
Child 0374,Fours B,09/17/2026,7:28 AM,5:56 PM,10.47,Parent/Guardian,Parent/Guardian
Child 0375,Fours B,09/17/2026,9:03 AM,5:01 PM,7.97,Parent/Guardian,Parent/Guardian
Child 0379,Fours B,09/17/2026,8:43 AM,4:36 PM,7.88,Parent/Guardian,Parent/Guardian
Child 0383,Fours B,09/17/2026,8:35 AM,4:34 PM,7.98,Parent/Guardian,Parent/Guardian
Child 0384,Fours B,09/17/2026,7:19 AM,4:14 PM,8.92,Parent/Guardian,Parent/Guardian
Child 0386,Fours B,09/17/2026,7:13 AM,4:25 PM,9.20,Parent/Guardian,Parent/Guardian
Child 0389,Fours B,09/17/2026,8:15 AM,5:34 PM,9.32,Parent/Guardian,Parent/Guardian
Child 0390,Fours B,09/17/2026,8:48 AM,4:21 PM,7.55,Parent/Guardian,Parent/Guardian
Child 0104,Infants A,09/18/2026,7:46 AM,4:24 PM,8.63,Parent/Guardian,Parent/Guardian
Child 0105,Infants A,09/18/2026,8:17 AM,4:37 PM,8.33,Parent/Guardian,Parent/Guardian
Child 0109,Infants A,09/18/2026,8:54 AM,4:22 PM,7.47,Parent/Guardian,Parent/Guardian
Child 0110,Infants A,09/18/2026,7:29 AM,4:18 PM,8.82,Parent/Guardian,Parent/Guardian
Child 0111,Infants A,09/18/2026,7:49 AM,4:00 PM,8.18,Parent/Guardian,Parent/Guardian
Child 0112,Infants A,09/18/2026,7:26 AM,4:18 PM,8.87,Parent/Guardian,Parent/Guardian
Child 0114,Infants A,09/18/2026,7:15 AM,4:01 PM,8.77,Parent/Guardian,Parent/Guardian
Child 0118,Infants B,09/18/2026,7:56 AM,2:56 PM,7.00,Parent/Guardian,Parent/Guardian
Child 0121,Infants B,09/18/2026,7:09 AM,5:42 PM,10.55,Parent/Guardian,Parent/Guardian
Child 0126,Infants B,09/18/2026,8:22 AM,3:59 PM,7.62,Parent/Guardian,Parent/Guardian
Child 0131,Infants B,09/18/2026,6:34 AM,5:14 PM,10.67,Parent/Guardian,Parent/Guardian
Child 0134,Infants B,09/18/2026,7:41 AM,5:03 PM,9.37,Parent/Guardian,Parent/Guardian
Child 0138,Infants B,09/18/2026,8:15 AM,4:43 PM,8.47,Parent/Guardian,Parent/Guardian
Child 0143,Ones,09/18/2026,8:18 AM,5:08 PM,8.83,Parent/Guardian,Parent/Guardian
Child 0144,Ones,09/18/2026,8:33 AM,4:23 PM,7.83,Parent/Guardian,Parent/Guardian
Child 0148,Ones,09/18/2026,9:02 AM,4:47 PM,7.75,Parent/Guardian,Parent/Guardian
Child 0150,Ones,09/18/2026,6:39 AM,5:24 PM,10.75,Parent/Guardian,Parent/Guardian
Child 0152,Ones,09/18/2026,7:07 AM,4:49 PM,9.70,Parent/Guardian,Parent/Guardian
Child 0156,Ones,09/18/2026,8:17 AM,4:13 PM,7.93,Parent/Guardian,Parent/Guardian
Child 0159,Ones,09/18/2026,7:53 AM,3:55 PM,8.03,Parent/Guardian,Parent/Guardian
Child 0160,Ones,09/18/2026,8:01 AM,5:11 PM,9.17,Parent/Guardian,Parent/Guardian
Child 0164,Ones,09/18/2026,8:03 AM,3:56 PM,7.88,Parent/Guardian,Parent/Guardian
Child 0166,Ones,09/18/2026,7:27 AM,4:59 PM,9.53,Parent/Guardian,Parent/Guardian
Child 0168,Twos A,09/18/2026,7:26 AM,3:51 PM,8.42,Parent/Guardian,Parent/Guardian
Child 0169,Twos A,09/18/2026,6:44 AM,4:58 PM,10.23,Parent/Guardian,Parent/Guardian
Child 0173,Twos A,09/18/2026,7:35 AM,5:05 PM,9.50,Parent/Guardian,Parent/Guardian
Child 0177,Twos A,09/18/2026,8:09 AM,4:10 PM,8.02,Parent/Guardian,Parent/Guardian
Child 0179,Twos A,09/18/2026,8:55 AM,4:58 PM,8.05,Parent/Guardian,Parent/Guardian
Child 0181,Twos A,09/18/2026,6:47 AM,3:57 PM,9.17,Parent/Guardian,Parent/Guardian
Child 0182,Twos A,09/18/2026,8:47 AM,3:55 PM,7.13,Parent/Guardian,Parent/Guardian
Child 0185,Twos A,09/18/2026,8:53 AM,3:48 PM,6.92,Parent/Guardian,Parent/Guardian
Child 0190,Twos A,09/18/2026,8:01 AM,4:37 PM,8.60,Parent/Guardian,Parent/Guardian
Child 0193,Twos A,09/18/2026,7:07 AM,4:30 PM,9.38,Parent/Guardian,Parent/Guardian
Child 0195,Twos A,09/18/2026,9:02 AM,4:42 PM,7.67,Parent/Guardian,Parent/Guardian
Child 0196,Twos A,09/18/2026,7:47 AM,3:48 PM,8.02,Parent/Guardian,Parent/Guardian
Child 0197,Twos A,09/18/2026,7:52 AM,3:37 PM,7.75,Parent/Guardian,Parent/Guardian
Child 0199,Twos A,09/18/2026,7:38 AM,4:59 PM,9.35,Parent/Guardian,Parent/Guardian
Child 0202,Twos A,09/18/2026,7:25 AM,3:29 PM,8.07,Parent/Guardian,Parent/Guardian
Child 0204,Twos B,09/18/2026,8:19 AM,3:10 PM,6.85,Parent/Guardian,Parent/Guardian
Child 0206,Twos B,09/18/2026,8:13 AM,5:30 PM,9.28,Parent/Guardian,Parent/Guardian
Child 0210,Twos B,09/18/2026,6:30 AM,4:54 PM,10.40,Parent/Guardian,Parent/Guardian
Child 0213,Twos B,09/18/2026,8:09 AM,4:25 PM,8.27,Parent/Guardian,Parent/Guardian
Child 0216,Twos B,09/18/2026,8:39 AM,5:31 PM,8.87,Parent/Guardian,Parent/Guardian
Child 0217,Twos B,09/18/2026,6:59 AM,4:20 PM,9.35,Parent/Guardian,Parent/Guardian
Child 0218,Twos B,09/18/2026,8:09 AM,4:02 PM,7.88,Parent/Guardian,Parent/Guardian
Child 0220,Twos B,09/18/2026,7:27 AM,4:17 PM,8.83,Parent/Guardian,Parent/Guardian
Child 0223,Twos B,09/18/2026,9:22 AM,5:06 PM,7.73,Parent/Guardian,Parent/Guardian
Child 0227,Twos B,09/18/2026,6:30 AM,5:30 PM,11.00,Parent/Guardian,Parent/Guardian
Child 0229,Twos B,09/18/2026,8:15 AM,4:29 PM,8.23,Parent/Guardian,Parent/Guardian
Child 0237,Twos B,09/18/2026,7:25 AM,3:29 PM,8.07,Parent/Guardian,Parent/Guardian
Child 0239,Threes,09/18/2026,9:17 AM,5:05 PM,7.80,Parent/Guardian,Parent/Guardian
Child 0241,Threes,09/18/2026,7:02 AM,5:11 PM,10.15,Parent/Guardian,Parent/Guardian
Child 0248,Threes,09/18/2026,8:08 AM,4:19 PM,8.18,Parent/Guardian,Parent/Guardian
Child 0253,Threes,09/18/2026,8:45 AM,3:36 PM,6.85,Parent/Guardian,Parent/Guardian
Child 0255,Threes,09/18/2026,8:15 AM,4:56 PM,8.68,Parent/Guardian,Parent/Guardian
Child 0258,Threes,09/18/2026,7:29 AM,3:31 PM,8.03,Parent/Guardian,Parent/Guardian
Child 0259,Threes,09/18/2026,7:58 AM,4:58 PM,9.00,Parent/Guardian,Parent/Guardian
Child 0260,Threes,09/18/2026,7:54 AM,2:34 PM,6.67,Parent/Guardian,Parent/Guardian
Child 0262,Threes,09/18/2026,7:28 AM,3:26 PM,7.97,Parent/Guardian,Parent/Guardian
Child 0266,Threes,09/18/2026,8:03 AM,12:10 PM,4.12,Parent/Guardian,Parent/Guardian
Child 0267,Threes,09/18/2026,7:36 AM,3:57 PM,8.35,Parent/Guardian,Parent/Guardian
Child 0268,Threes,09/18/2026,8:13 AM,4:10 PM,7.95,Parent/Guardian,Parent/Guardian
Child 0270,Threes,09/18/2026,7:53 AM,4:44 PM,8.85,Parent/Guardian,Parent/Guardian
Child 0271,Threes,09/18/2026,7:15 AM,5:06 PM,9.85,Parent/Guardian,Parent/Guardian
Child 0273,Threes,09/18/2026,7:33 AM,1:49 PM,6.27,Parent/Guardian,Parent/Guardian
Child 0276,Threes,09/18/2026,7:51 AM,12:36 PM,4.75,Parent/Guardian,Parent/Guardian
Child 0280,Threes,09/18/2026,7:35 AM,3:49 PM,8.23,Parent/Guardian,Parent/Guardian
Child 0281,Threes,09/18/2026,9:09 AM,5:47 PM,8.63,Parent/Guardian,Parent/Guardian
Child 0282,Threes,09/18/2026,7:56 AM,4:32 PM,8.60,Parent/Guardian,Parent/Guardian
Child 0284,Fours A,09/18/2026,8:45 AM,2:59 PM,6.23,Parent/Guardian,Parent/Guardian
Child 0288,Fours A,09/18/2026,9:02 AM,5:36 PM,8.57,Parent/Guardian,Parent/Guardian
Child 0292,Fours A,09/18/2026,8:56 AM,4:00 PM,7.07,Parent/Guardian,Parent/Guardian
Child 0298,Fours A,09/18/2026,8:26 AM,12:16 PM,3.83,Parent/Guardian,Parent/Guardian
Child 0300,Fours A,09/18/2026,9:40 AM,3:37 PM,5.95,Parent/Guardian,Parent/Guardian
Child 0303,Fours A,09/18/2026,7:41 AM,3:57 PM,8.27,Parent/Guardian,Parent/Guardian
Child 0305,Fours A,09/18/2026,7:43 AM,5:29 PM,9.77,Parent/Guardian,Parent/Guardian
Child 0310,Fours A,09/18/2026,9:00 AM,5:06 PM,8.10,Parent/Guardian,Parent/Guardian
Child 0314,Fours A,09/18/2026,8:22 AM,4:08 PM,7.77,Parent/Guardian,Parent/Guardian
Child 0319,Fours A,09/18/2026,9:20 AM,12:02 PM,2.70,Parent/Guardian,Parent/Guardian
Child 0322,Fours A,09/18/2026,7:46 AM,4:55 PM,9.15,Parent/Guardian,Parent/Guardian
Child 0328,Fours A,09/18/2026,7:14 AM,4:56 PM,9.70,Parent/Guardian,Parent/Guardian
Child 0331,Fours A,09/18/2026,8:22 AM,5:29 PM,9.12,Parent/Guardian,Parent/Guardian
Child 0334,Fours A,09/18/2026,7:50 AM,4:35 PM,8.75,Parent/Guardian,Parent/Guardian
Child 0338,Fours A,09/18/2026,7:27 AM,4:05 PM,8.63,Parent/Guardian,Parent/Guardian
Child 0339,Fours A,09/18/2026,7:13 AM,4:19 PM,9.10,Parent/Guardian,Parent/Guardian
Child 0345,Fours B,09/18/2026,9:16 AM,4:35 PM,7.32,Parent/Guardian,Parent/Guardian
Child 0347,Fours B,09/18/2026,9:05 AM,4:00 PM,6.92,Parent/Guardian,Parent/Guardian
Child 0348,Fours B,09/18/2026,8:24 AM,3:23 PM,6.98,Parent/Guardian,Parent/Guardian
Child 0350,Fours B,09/18/2026,8:03 AM,4:49 PM,8.77,Parent/Guardian,Parent/Guardian
Child 0354,Fours B,09/18/2026,8:37 AM,3:25 PM,6.80,Parent/Guardian,Parent/Guardian
Child 0356,Fours B,09/18/2026,8:01 AM,4:47 PM,8.77,Parent/Guardian,Parent/Guardian
Child 0358,Fours B,09/18/2026,8:09 AM,3:34 PM,7.42,Parent/Guardian,Parent/Guardian
Child 0362,Fours B,09/18/2026,7:43 AM,4:17 PM,8.57,Parent/Guardian,Parent/Guardian
Child 0366,Fours B,09/18/2026,7:24 AM,3:16 PM,7.87,Parent/Guardian,Parent/Guardian
Child 0370,Fours B,09/18/2026,8:48 AM,4:26 PM,7.63,Parent/Guardian,Parent/Guardian
Child 0374,Fours B,09/18/2026,7:39 AM,5:29 PM,9.83,Parent/Guardian,Parent/Guardian
Child 0375,Fours B,09/18/2026,8:34 AM,4:29 PM,7.92,Parent/Guardian,Parent/Guardian
Child 0379,Fours B,09/18/2026,8:37 AM,4:28 PM,7.85,Parent/Guardian,Parent/Guardian
Child 0384,Fours B,09/18/2026,7:09 AM,4:22 PM,9.22,Parent/Guardian,Parent/Guardian
Child 0390,Fours B,09/18/2026,8:48 AM,4:04 PM,7.27,Parent/Guardian,Parent/Guardian
